id,officer,occ_time,rep_time,complaint_no,location,nature,lat,lng
0,144484 Sarah Palermo,4/29/2023 11:30:00 Pm,5/1/2023 12:37:14 Am,232033150-00,54 Pilgrim Rd,Investigate Person,42.3419264,-71.1056098
1,,5/1/2023 1:35:00 Am,5/1/2023 12:51:56 Am,232033372-00,28 Spring Garden St,Investigate Property,42.3177701,-71.0531235
2,153084 Gerard M Giblin,5/1/2023 12:22:00 Am,5/1/2023 1:24:02 Am,232033371-00,610 Rutherford Ave,M/V Accident - Property Damage,42.3836311,-71.0738313
3,110930 Derek Chan,5/1/2023 12:08:00 Am,5/1/2023 1:36:48 Am,232033373-00,41 Bowdoin St,Sick Assist - Drug Related Illness,42.3597768,-71.063116
4,,5/1/2023 12:25:00 Am,5/1/2023 2:23:33 Am,232033380-00,25 Jan Karski Way,Sick Assist,42.3257825,-71.0601067
5,087035 Michael Doran,5/1/2023 2:42:00 Am,5/1/2023 2:28:25 Am,232033379-00,202 Maverick St,Larceny Theft From Mv - Non-Accessory,42.368948,-71.035997
6,151191 Kevin Ashe,4/27/2023 4:30:00 Pm,5/1/2023 2:35:51 Am,232033382-00,16 Marden Ave,Investigate Property,42.2847611,-71.0865785
7,153116 Salvarys Reynoso-Santos,5/1/2023 12:31:00 Am,5/1/2023 2:40:23 Am,232033370-00,3240 Washington St,Investigate Person,42.311514,-71.102377
8,103782 Kevin Rooney,5/1/2023 12:00:00 Am,5/1/2023 3:08:43 Am,232033385-00,1630 Blue Hill Ave,M/V - Leaving Scene - Personal Injury,42.2684887,-71.0933506
9,010404 Joseph Galvin,5/1/2023 2:26:00 Am,5/1/2023 3:35:26 Am,232033389-00,416 Poplar St,Property - Accidental Damage,42.2760751,-71.1251503
10,110930 Derek Chan,5/1/2023 3:03:00 Am,5/1/2023 3:38:50 Am,232033390-00,505 Washington St,Assault - Simple,42.354732,-71.0614884
11,126552 Richard Trull,5/1/2023 3:02:00 Am,5/1/2023 3:48:12 Am,232033388-00,253 Norfolk St,M/V - Leaving Scene - Property Damage,42.284399,-71.081097
12,,5/1/2023 2:33:00 Am,5/1/2023 4:22:04 Am,232033386-00,1148 Washington St,Burglary - Commerical,42.3435468,-71.0658737
13,,5/1/2023 4:01:00 Am,5/1/2023 4:35:33 Am,232033391-00,Moreland St & Fairland St,Vandalism,42.325959,-71.083308
14,,5/1/2023 3:47:00 Am,5/1/2023 5:03:02 Am,232033392-00,185 State St,Sick Assist,42.3593014,-71.0528639
15,,5/1/2023 1:02:00 Am,5/1/2023 5:34:05 Am,232033375-00,Milford St & Bond St,Investigate Property,42.343713,-71.069051
16,,5/1/2023 5:44:00 Am,5/1/2023 6:15:56 Am,232033396-00,1045 Tremont St,Assault - Aggravated,42.336488,-71.0857741
17,144304 Adilson Rosa,4/30/2023 5:42:00 Pm,5/1/2023 6:20:10 Am,232033397-00,Davison St & Fairmount Ave,M/V - Leaving Scene - Property Damage,42.279592,-71.078204
18,148258 Sarah Drew,5/1/2023 4:16:00 Am,5/1/2023 6:36:48 Am,232033394-00,11 West Cedar Street,Drugs - Possession/ Sale/ Manufacturing/ Use,42.3577218,-71.0692412
19,,5/1/2023 6:20:00 Am,5/1/2023 7:03:56 Am,232033399-00,48 Peninsula Pl,Sick Assist,42.3197283,-71.0446735
20,,5/1/2023 6:51:00 Am,5/1/2023 7:25:54 Am,232033401-00,706 Huntington Ave,M/V Accident - Other,42.3343558,-71.1036894
21,111646 Brian Picarello,5/1/2023 6:39:00 Am,5/1/2023 7:29:42 Am,232033404-00,5 Creston St,Trespassing,42.3123298,-71.079801
22,094339 Patricia Hoey,4/28/2023 5:00:00 Am,5/1/2023 8:03:44 Am,232033407-00,1249 Hyde Park Ave,Harassment/ Criminal Harassment,42.2564288,-71.1242782
23,,5/1/2023 7:41:00 Am,5/1/2023 8:34:15 Am,232033410-00,526 Talbot Ave,Sick Assist,42.2875007,-71.064858
24,,4/28/2023 11:00:00 Am,5/1/2023 8:42:47 Am,232033413-00,300 East Eagle Street,Burglary - Commerical,42.3815209,-71.0281853
25,,5/1/2023 7:58:00 Am,5/1/2023 8:44:55 Am,232033412-00,19 York St,Landlord - Tenant,42.2994598,-71.0804276
26,010946 Hector Cabrera,4/30/2023 2:30:00 Pm,5/1/2023 8:51:11 Am,232033267-00,100 Legends Way,Investigate Property,42.3662986,-71.0621622
27,053071 Daniel Mcmorrow,5/1/2023 9:15:00 Am,5/1/2023 9:18:25 Am,232033420-00,518 Tremont St,Towed Motor Vehicle,42.3448721,-71.0698551
28,,5/1/2023 12:00:00 Am,5/1/2023 9:20:02 Am,232033421-00,2400 Washington St,Larceny Theft From Mv - Non-Accessory,42.3284113,-71.0856977
29,,5/1/2023 8:35:00 Am,5/1/2023 9:27:54 Am,232033423-00,101 Draper St,Towed Motor Vehicle,42.3048934,-71.0648835
30,112108 Cara Doyle,5/1/2023 8:31:00 Am,5/1/2023 9:29:02 Am,232033411-00,527 Harvard St,Sick Assist,42.2870265,-71.0954701
31,,5/1/2023 8:01:00 Am,5/1/2023 9:38:25 Am,232033409-00,Ruggles St & Shawmut Ave,M/V Accident - Property Damage,42.332077,-71.084206
32,,5/1/2023 8:39:00 Am,5/1/2023 9:39:41 Am,232033416-00,271 E Eighth St,Burglary - Residential,42.331886,-71.049762
33,153174 Lea Allen,5/1/2023 8:56:00 Am,5/1/2023 9:44:03 Am,232033425-00,980 American Legion Hwy,Investigate Person,42.2739974,-71.1166938
34,099722 John Burrows,4/30/2023 4:22:00 Pm,5/1/2023 9:46:39 Am,232033290-00,36 Fessenden St,Investigate Property,42.2782828,-71.0912956
35,,5/1/2023 9:20:00 Am,5/1/2023 9:51:44 Am,232033432-00,Blue Hill Ave & River St,Investigate Person,42.2672859,-71.0936559
36,,5/1/2023 6:11:00 Am,5/1/2023 9:54:55 Am,232033398-00,9 Virginia St,Death Investigation,42.3172723,-71.0671353
37,,5/1/2023 9:58:00 Am,5/1/2023 9:58:01 Am,232033435-00,2400 Washington St,Property - Lost/ Missing,42.3284113,-71.0856977
38,,10/30/2019 12:00:00 Am,5/1/2023 10:10:58 Am,232033434-00,650 Harrison Ave,Fraud - Impersonation,42.3394545,-71.0692164
39,011615 Dave Juba,4/29/2023 11:30:00 Am,5/1/2023 10:15:30 Am,232033438-00,430 Border St,Threats To Do Bodily Harm,42.3808738,-71.040335
40,011465 Caetano Teixeira,5/1/2023 9:43:00 Am,5/1/2023 10:19:22 Am,232033436-00,20 Patterson Way,Assault - Aggravated,42.3309787,-71.0520306
41,149901 Anna Stepanyan,5/1/2023 9:52:00 Am,5/1/2023 10:29:31 Am,232033441-00,7 Allstate Rd,Vandalism,42.3290414,-71.0629072
42,,5/1/2023 9:28:00 Am,5/1/2023 10:33:48 Am,232033443-00,260 Lincoln St,Investigate Person,42.3574,-71.1350992
43,,5/1/2023 10:36:00 Am,5/1/2023 10:36:34 Am,232033447-00,2400 Washington St,Service To Other Agency,42.3284113,-71.0856977
44,122563 Lexis Alleyne,5/1/2023 10:15:00 Am,5/1/2023 10:38:46 Am,232033446-00,274 Metropolitan Ave,M/V Accident - Property Damage,42.2759099,-71.1252627
45,,5/1/2023 7:56:00 Am,5/1/2023 10:39:08 Am,232033450-00,8 Bruce St,Sudden Death,42.2874764,-71.0596499
46,,5/1/2023 9:46:00 Am,5/1/2023 10:44:59 Am,232033437-00,2222 Centre St,Sick Assist,42.2737034,-71.1585636
47,,5/1/2023 10:25:00 Am,5/1/2023 10:49:48 Am,232033456-00,78 Dabney St,Sick Assist,42.3241333,-71.0841667
48,,5/1/2023 8:21:00 Am,5/1/2023 10:56:02 Am,232033415-00,19 Myrtle St,Death Investigation,42.3594122,-71.0653023
49,011183 Tahisha Skeen,5/1/2023 9:30:00 Am,5/1/2023 10:57:55 Am,232033455-00,Highland St & Fulda St,Towed Motor Vehicle,42.323133,-71.094787
50,,5/1/2023 10:03:00 Am,5/1/2023 11:01:25 Am,232033449-00,14 Haydn St,Investigate Person,42.2775491,-71.1388594
51,094339 Patricia Hoey,5/1/2023 10:00:00 Am,5/1/2023 11:09:41 Am,232033466-00,1249 Hyde Park Ave,Assault - Simple,42.2564288,-71.1242782
52,008868 Waiman Lee,4/28/2023 5:11:00 Pm,5/1/2023 11:09:53 Am,232033463-00,40 New Sudbury St,Val - Violation Of Auto Law,42.361822,-71.0602924
53,103752 Jeffery Driscoll,5/1/2023 10:22:00 Am,5/1/2023 11:12:53 Am,232033461-00,874 Commonwealth Ave,Investigate Person,42.3506736,-71.1135788
54,144428 John Beauchemin,5/1/2023 9:27:00 Am,5/1/2023 11:13:01 Am,232033442-00,771 Albany St,Investigate Person,42.334061,-71.0734854
55,148309 Jared Taylor,5/1/2023 10:30:00 Am,5/1/2023 11:16:24 Am,232033464-00,Dorchester Ave & Lincoln St,M/V Accident - Personal Injury,42.299755,-71.060306
56,,5/1/2023 11:00:00 Am,5/1/2023 11:22:02 Am,232033462-00,2400 Washington St,Property - Lost/ Missing,42.3284113,-71.0856977
57,,5/1/2023 10:31:00 Am,5/1/2023 11:23:09 Am,232033467-00,272 Friend Street,Embezzlement,42.3646868,-71.0614458
58,011059 Andrell Jones,5/1/2023 10:18:00 Am,5/1/2023 11:29:39 Am,232033460-00,63 Victory Rd,Towed Motor Vehicle,42.2958324,-71.0522214
59,106695 Frantz Saintfort,4/30/2023 8:13:00 Am,5/1/2023 11:30:26 Am,232033471-00,40 Sudbury St,Investigate Person,42.3626805,-71.058023
60,,5/1/2023 11:37:00 Am,5/1/2023 11:37:48 Am,232033474-00,2400 Washington St,Larceny Theft From Building,42.3284113,-71.0856977
61,,5/1/2023 9:42:00 Am,5/1/2023 11:43:17 Am,232033473-00,146-146A Tremont St,Sick Assist,42.3314096,-71.0943757
62,,5/1/2023 10:42:00 Am,5/1/2023 11:47:41 Am,232033453-00,650 Harrison Ave,Fraud - False Pretense / Scheme,42.3394545,-71.0692164
63,094339 Patricia Hoey,3/31/2023 12:00:00 Am,5/1/2023 11:49:31 Am,232033477-00,1249 Hyde Park Ave,Property - Lost/ Missing,42.2564288,-71.1242782
64,,5/1/2023 11:30:00 Am,5/1/2023 11:58:48 Am,232033479-00,45 Ashford St,Investigate Person,42.3543509,-71.1268442
65,052581 Wilfredo Garcia,5/1/2023 10:17:00 Am,5/1/2023 12:02:59 Pm,232033439-00,112 Southampton St,Assault - Simple,42.3324262,-71.0691465
66,112108 Cara Doyle,5/1/2023 7:58:00 Am,5/1/2023 12:04:08 Pm,232033480-00,68 Stanton St,Investigate Person,42.2834606,-71.0786759
67,,5/1/2023 9:59:00 Am,5/1/2023 12:08:46 Pm,232033475-00,55 Linden St,Towed Motor Vehicle,42.3536761,-71.1304563
68,008679 Robert Connolly,4/28/2023 12:00:00 Pm,5/1/2023 12:12:21 Pm,232033484-00,301 Washington St,Larceny Theft From Building,42.300223,-71.0752575
69,,4/25/2023 12:00:00 Am,5/1/2023 12:17:20 Pm,232033481-00,650 Harrison Ave,Missing Person,42.3394545,-71.0692164
70,095176 Jason Morano,4/29/2023 6:00:00 Pm,5/1/2023 12:20:01 Pm,232033485-00,101 W Broadway,Property - Lost/ Missing,42.3411265,-71.0549541
71,148304 Timothy Sprague,5/1/2023 9:47:00 Am,5/1/2023 12:20:53 Pm,232033440-00,12 Blakeville St,Sick Assist,42.3042702,-71.0709188
72,,5/1/2023 10:01:00 Am,5/1/2023 12:26:11 Pm,232033478-00,Hillside St & Frawley St,M/V Accident - Other City Vehicle,42.333255,-71.107882
73,103552 Keith Wood,5/1/2023 9:09:00 Am,5/1/2023 12:26:55 Pm,232033457-00,541 Park St,Investigate Person,42.2951531,-71.0750857
74,,5/1/2023 11:39:00 Am,5/1/2023 12:41:52 Pm,232033489-00,108 Glenway St,Landlord - Tenant,42.2998307,-71.0815279
75,,5/1/2023 8:15:00 Am,5/1/2023 12:47:30 Pm,232033417-00,104 Gladeside Ave,Death Investigation,42.2746796,-71.0859543
76,008868 Waiman Lee,4/22/2023 3:15:00 Pm,5/1/2023 12:50:06 Pm,232033465-00,40 New Sudbury St,Val - Violation Of Auto Law,42.361822,-71.0602924
77,129143 Brittan Freeman,5/1/2023 12:24:00 Pm,5/1/2023 12:54:38 Pm,232033495-00,55-57 Dewey St,Landlord - Tenant,42.316722,-71.076766
78,131274 David Macdonald,5/1/2023 12:30:00 Pm,5/1/2023 1:05:06 Pm,232033499-00,61 Hamilton St,Sick Assist,42.3082804,-71.0701451
79,,5/1/2023 12:10:00 Am,5/1/2023 1:06:01 Pm,232033498-00,650 Harrison Ave,Burglary - Residential,42.3394545,-71.0692164
80,,5/1/2023 11:19:00 Am,5/1/2023 1:06:36 Pm,232033469-00,650 Harrison Ave,Threats To Do Bodily Harm,42.3394545,-71.0692164
81,153145 Tasha Hibbert,5/1/2023 11:26:00 Am,5/1/2023 1:06:41 Pm,232033500-00,39 High View Avenue,Investigate Person,42.267817,-71.1523406
82,053071 Daniel Mcmorrow,4/30/2023 11:40:00 Am,5/1/2023 1:12:50 Pm,232033490-00,222 Berkeley St,Threats To Do Bodily Harm,42.3506879,-71.0732592
83,107125 Franklin Ortiz,5/1/2023 12:37:00 Pm,5/1/2023 1:26:32 Pm,232033492-00,4 Burke St,Towed Motor Vehicle,42.3369467,-71.085056
84,008868 Waiman Lee,4/29/2023 6:03:00 Pm,5/1/2023 1:27:25 Pm,232033470-00,1 Newbury St,Val - Violation Of Auto Law,42.3529327,-71.0714884
85,,5/1/2023 11:22:00 Am,5/1/2023 1:33:26 Pm,232033472-00,17 Standard St,Death Investigation,42.272691,-71.078521
86,,4/30/2023 3:45:00 Pm,5/1/2023 1:34:53 Pm,232033504-00,650 Harrison Ave,Property - Lost/ Missing,42.3394545,-71.0692164
87,053071 Daniel Mcmorrow,4/27/2023 5:28:00 Pm,5/1/2023 1:35:15 Pm,232033493-00,222 Berkeley St,Threats To Do Bodily Harm,42.3506879,-71.0732592
88,113322 Jimmy Nguyen,5/1/2023 1:34:00 Pm,5/1/2023 1:42:26 Pm,232033511-00,11 Patten St,Fraud - False Pretense / Scheme,42.2944591,-71.1165443
89,100415 Joseph Deangelo,5/1/2023 1:08:00 Pm,5/1/2023 1:50:24 Pm,232033517-00,391 D St,Larceny All Others,42.3429549,-71.0453482
90,011830 Sean Flaherty,5/1/2023 1:44:00 Pm,5/1/2023 1:52:52 Pm,232033518-00,1 Harborside Dr,Aircraft Incidents,42.3631766,-71.0136401
91,,5/1/2023 1:30:00 Pm,5/1/2023 1:54:55 Pm,232033519-00,24 Nahant Avenue,Fire Report,42.2879317,-71.053438
92,008973 Christopher Shoulla,5/1/2023 11:58:00 Am,5/1/2023 2:06:53 Pm,232033501-00,268 Newbury St,Investigate Person,42.3491616,-71.0832708
93,,5/1/2023 12:07:00 Pm,5/1/2023 2:13:33 Pm,232033486-00,267 Terminal St,Death Investigation,42.3812689,-71.0610848
94,112108 Cara Doyle,4/30/2023 9:00:00 Am,5/1/2023 2:20:35 Pm,232033522-00,71 Almont St,Auto Theft,42.2767687,-71.0971006
95,,5/1/2023 1:16:00 Pm,5/1/2023 2:27:23 Pm,232033526-00,Columbia Rd & Hancock St,M/V - Leaving Scene - Property Damage,42.315903,-71.066139
96,008963 Linda Labadini,5/1/2023 2:27:00 Pm,5/1/2023 2:35:29 Pm,232033530-00,300 E Eagle St,Investigate Property,42.3815209,-71.0281853
97,,5/1/2023 2:30:00 Am,5/1/2023 2:35:51 Pm,232033534-00,40 Gibson St,M/V - Leaving Scene - Property Damage,42.2980276,-71.0590886
98,,5/1/2023 2:21:00 Pm,5/1/2023 2:38:23 Pm,232033528-00,8A Rugg Rd,Towed Motor Vehicle,42.3548038,-71.1356579
99,,5/1/2023 9:52:00 Am,5/1/2023 2:39:38 Pm,232033537-00,70 Fulton St,Investigate Person,42.3624395,-71.0537739
100,113322 Jimmy Nguyen,5/1/2023 1:42:00 Am,5/1/2023 2:42:45 Pm,232033535-00,Bentham Rd & Draper St,M/V Plates - Lost,42.304016,-71.064578
101,,4/28/2023 8:00:00 Am,5/1/2023 2:44:35 Pm,232033521-00,137 Tremont St,Vandalism,42.3520789,-71.1738824
102,153174 Lea Allen,5/1/2023 1:44:00 Pm,5/1/2023 2:48:32 Pm,232033520-00,Thatcher St & Metropolitan Ave,M/V Accident - Involving Pedestrian - Injury,42.365426,-71.056694
103,153124 Kevin Mccarthy,5/1/2023 1:33:00 Pm,5/1/2023 2:49:01 Pm,232033433-00,Huntington Ave & Mission St,Sick/Injured/Medical - Police,42.3335427,-71.1058483
104,135979 David Marquez Rivas,5/1/2023 1:14:00 Pm,5/1/2023 2:50:22 Pm,232033516-00,684 American Legion Hwy,Verbal Dispute,42.2835942,-71.1125017
105,,4/30/2023 11:00:00 Pm,5/1/2023 2:50:41 Pm,232033525-00,101 W Broadway,Vandalism,42.3411265,-71.0549541
106,,4/28/2023 2:24:00 Pm,5/1/2023 2:51:45 Pm,232033527-00,650 Harrison Ave,M/V - Leaving Scene - Property Damage,42.3394545,-71.0692164
107,135897 Kamisha Green,5/1/2023 2:41:00 Pm,5/1/2023 2:55:16 Pm,232033539-00,210 South St,Fraud - Impersonation,42.3498184,-71.0574606
108,011183 Tahisha Skeen,4/30/2023 10:00:00 Am,5/1/2023 2:56:14 Pm,232033541-00,44 John Eliot Sq,Vandalism,42.3299294,-71.0908219
109,,5/1/2023 1:49:00 Pm,5/1/2023 2:57:56 Pm,232033524-00,398 Centre St,Missing Person,42.2952187,-71.0569106
110,,5/1/2023 3:05:00 Am,5/1/2023 3:05:38 Pm,232033543-00,40 Gibson St,M/V - Leaving Scene - Property Damage,42.2980276,-71.0590886
111,116134 Claude Defay,5/1/2023 1:27:00 Pm,5/1/2023 3:10:46 Pm,232033508-00,174 Ipswich St,Investigate Person,42.347005,-71.094415
112,140327 Sean Mulligan,5/1/2023 11:28:00 Am,5/1/2023 3:11:07 Pm,232033536-00,25 Evans Way,Threats To Do Bodily Harm,42.338245,-71.0991538
113,011413 Edward Gately,5/1/2023 1:40:00 Pm,5/1/2023 3:12:57 Pm,232033542-00,785 Albany St,Vandalism,42.3332716,-71.0739987
114,,5/1/2023 1:29:00 Pm,5/1/2023 3:14:05 Pm,232033545-00,1286 Hyde Park Ave,Investigate Person,42.2548,-71.1239
115,011259 Tammy Napier,4/30/2023 1:30:00 Pm,5/1/2023 3:18:48 Pm,232033550-00,301 Washington St,Fraud - Credit Card / Atm Fraud,42.300223,-71.0752575
116,112108 Cara Doyle,4/29/2023 3:15:00 Am,5/1/2023 3:19:13 Pm,232033548-00,Blue Hill Ave & Clarkwood St,M/V - Leaving Scene - Property Damage,42.280804,-71.092819
117,,5/1/2023 2:18:00 Pm,5/1/2023 3:22:28 Pm,232033546-00,715 Boylston St,Fraud - False Pretense / Scheme,42.3496159,-71.0799834
118,099822 John Alves,5/1/2023 8:00:00 Am,5/1/2023 3:26:15 Pm,232033552-00,Braintree St & Wilton St,Property - Accidental Damage,42.287273,-71.070326
119,,5/1/2023 1:50:00 Pm,5/1/2023 3:27:51 Pm,232033557-00,300 East Eagle Street,Investigate Person,42.3815209,-71.0281853
120,,5/1/2023 2:40:00 Pm,5/1/2023 3:34:56 Pm,232033556-00,296 Washington St,Investigate Person,42.3572933,-71.0582814
121,011061 Mark Bordley,5/1/2023 3:30:00 Pm,5/1/2023 3:42:55 Pm,232033558-00,2300 Washington St,Investigate Person,42.3302045,-71.0836365
122,131274 David Macdonald,5/1/2023 3:23:00 Pm,5/1/2023 3:44:46 Pm,232033560-00,1750 Dorchester Ave,Vandalism,42.290192,-71.0628796
123,051826 Timothy Warren,5/1/2023 3:12:00 Pm,5/1/2023 3:58:56 Pm,232033563-00,161 Granite Ave,Threats To Do Bodily Harm,42.2781499,-71.0542962
124,,5/1/2023 3:37:00 Pm,5/1/2023 4:08:53 Pm,232033566-00,308 Saratoga St,Investigate Person,42.3784851,-71.0317293
125,,5/1/2023 3:10:00 Pm,5/1/2023 4:18:46 Pm,232033561-00,40 Gibson St,Assault - Simple,42.2980276,-71.0590886
126,,5/1/2023 3:21:00 Pm,5/1/2023 4:19:03 Pm,232033567-00,875 Massachusetts Ave,Breaking And Entering (B&E) Motor Vehicle,42.3314881,-71.0707267
127,102383 Stephen Parenteau,4/25/2023 5:30:00 Am,5/1/2023 4:22:27 Pm,232033448-00,1650 Vfw Pkwy,Recovered - Mv Recovered In Boston (Stolen Outside Boston),42.2644697,-71.1677964
128,010938 Gregory Lynch,5/1/2023 12:00:00 Pm,5/1/2023 4:34:01 Pm,232033573-00,17 Rockingham Rd,Investigate Person,42.2703357,-71.1028777
129,,5/1/2023 2:00:00 Pm,5/1/2023 4:41:08 Pm,232033569-00,650 Harrison Ave,Auto Theft - Motorcycle / Scooter,42.3394545,-71.0692164
130,153080 Morris Luu,5/1/2023 4:00:00 Pm,5/1/2023 4:43:59 Pm,232033575-00,970 Washington St,Assault - Simple,42.279171,-71.0693453
131,153127 Taylor Green,5/1/2023 4:23:00 Pm,5/1/2023 4:49:28 Pm,232033576-00,40 Gibson St,Firearm/Weapon - Found Or Confiscated,42.2980276,-71.0590886
132,,4/30/2023 12:00:00 Am,5/1/2023 4:54:10 Pm,232033585-00,301 Washington St,Threats To Do Bodily Harm,42.300223,-71.0752575
133,153070 Alfredo Araujo,5/1/2023 3:58:00 Pm,5/1/2023 5:02:04 Pm,232033586-00,65 Thetford Ave,Investigate Person,42.284152,-71.0783138
134,,5/1/2023 2:41:00 Pm,5/1/2023 5:06:55 Pm,232033589-00,400 Tremont St,Larceny Shoplifting,42.34696,-71.068799
135,,5/1/2023 3:18:00 Pm,5/1/2023 5:15:41 Pm,232033584-00,131 Eustis St,Missing Person - Not Reported - Located,42.3288558,-71.0784253
136,153121 Ryan O'Leary,5/1/2023 4:11:00 Pm,5/1/2023 5:22:32 Pm,232033580-00,2235 Washington St,Assault - Aggravated,42.3309539,-71.0834236
137,140288 John Caulfield,5/1/2023 4:43:00 Pm,5/1/2023 5:25:50 Pm,232033595-00,4165 Washington St,Larceny Shoplifting,42.2883039,-71.1266474
138,,5/1/2023 1:54:00 Pm,5/1/2023 5:27:56 Pm,232033593-00,280 Boylston St,Larceny Shoplifting,42.351948,-71.0694851
139,,5/1/2023 4:24:00 Pm,5/1/2023 5:35:25 Pm,232033598-00,149 Meridian St,Investigate Property,42.373743,-71.0389155
140,,5/1/2023 4:46:00 Pm,5/1/2023 5:38:37 Pm,232033602-00,450 Washington St,Larceny Shoplifting,42.3546979,-71.0602426
141,,4/20/2023 1:00:00 Pm,5/1/2023 5:40:10 Pm,232033582-00,301 Washington St,Larceny Theft From Building,42.300223,-71.0752575
142,116110 Yrene Castillo,5/1/2023 12:55:00 Am,5/1/2023 5:42:25 Pm,232033606-00,11 Knight St,Investigate Person,42.2457621,-71.1331183
143,,5/1/2023 4:41:00 Pm,5/1/2023 5:44:46 Pm,232033604-00,800 Washington St,Investigate Person,42.3494397,-71.0630847
144,,4/21/2023 2:17:00 Pm,5/1/2023 5:45:25 Pm,232033601-00,650 Harrison Ave,Larceny Theft From Building,42.3394545,-71.0692164
145,144325 Dale Deaven Kennedy,5/1/2023 4:40:00 Pm,5/1/2023 5:46:40 Pm,232033607-00,510 Washington St,Sick/Injured/Medical - Person,42.2939295,-71.0714532
146,144416 Sharis Barkhordarian,5/1/2023 4:28:00 Pm,5/1/2023 5:52:06 Pm,232033605-00,50 Bunker Hill St,Missing Person - Not Reported - Located,42.3767055,-71.0577892
147,,4/5/2023 8:20:00 Pm,5/1/2023 5:52:48 Pm,232033579-00,301 Washington St,Fraud - False Pretense / Scheme,42.300223,-71.0752575
148,151208 Kyle Ortiz,5/1/2023 3:04:00 Pm,5/1/2023 5:53:35 Pm,232033609-00,6 Second New Way,Landlord - Tenant,42.2544087,-71.1194506
149,011629 Carlos Martinez,5/1/2023 4:21:00 Pm,5/1/2023 5:53:51 Pm,232033574-00,3347 Washington St,M/V - Leaving Scene - Property Damage,42.3090488,-71.1050902
150,118323 Eric Foley,5/1/2023 5:25:00 Pm,5/1/2023 5:56:27 Pm,232033618-00,8 Speedwell St,Vandalism,42.3040332,-71.0680545
151,106708 Charbel Kamel,5/1/2023 5:29:00 Pm,5/1/2023 6:05:04 Pm,232033616-00,William F Mcclellan Hwy & Neptune Rd,M/V Accident - Other,42.377953,-71.022345
152,,5/1/2023 5:36:00 Pm,5/1/2023 6:06:14 Pm,232033620-00,40 Raynor Cir,Vandalism,42.3345828,-71.0866241
153,120914 Thomas Porter,5/1/2023 2:55:00 Pm,5/1/2023 6:06:19 Pm,232033608-00,40 Gibson St,M/V - Leaving Scene - Property Damage,42.2980276,-71.0590886
154,140333 Ashley Sena,5/1/2023 5:26:00 Pm,5/1/2023 6:08:01 Pm,232033614-00,1091 Hyde Park Ave,Assault - Simple,42.262196,-71.1220749
155,148260 Ryan Egan,5/1/2023 5:47:00 Pm,5/1/2023 6:12:31 Pm,232033619-00,Glenville Ave & Park Vale Ave,M/V Accident - Property Damage,42.322319,-71.094617
156,148269 Kevin Herbert,5/1/2023 2:30:00 Pm,5/1/2023 6:13:48 Pm,232033622-00,833 Beacon St,Larceny Theft From Building,42.3462825,-71.105641
157,124893 Robert Walton,5/1/2023 5:09:00 Pm,5/1/2023 6:16:57 Pm,232033623-00,10 Clearway St,Verbal Dispute,42.3455142,-71.0863485
158,,5/1/2023 5:48:00 Pm,5/1/2023 6:17:40 Pm,232033629-00,115 Orleans St,Investigate Person,42.3697745,-71.036256
159,,5/1/2023 4:11:00 Pm,5/1/2023 6:24:21 Pm,232033626-00,409 Walnut Ave,Sick Assist,42.3133191,-71.09569
160,008868 Waiman Lee,5/1/2023 4:50:00 Pm,5/1/2023 6:26:54 Pm,232033624-00,Chelsea St & E Eagle St,M/V - Leaving Scene - Property Damage,42.3757194,-71.0320178
161,,5/1/2023 5:29:00 Pm,5/1/2023 6:30:33 Pm,232033613-00,128 Stratton St,Missing Person,42.2888108,-71.0842616
162,,4/30/2023 8:30:00 Pm,5/1/2023 6:31:45 Pm,232033634-00,301 Washington St,Fraud - False Pretense / Scheme,42.300223,-71.0752575
163,,5/1/2023 6:25:00 Pm,5/1/2023 6:34:30 Pm,232033636-00,1165 Blue Hill Ave,Auto Theft,42.2846826,-71.0916905
164,148267 James Gorman,5/1/2023 5:20:00 Pm,5/1/2023 6:36:20 Pm,232033612-00,139 Tremont St,Drugs - Possession/ Sale/ Manufacturing/ Use,42.3554005,-71.0637636
165,,5/1/2023 6:04:00 Pm,5/1/2023 6:36:48 Pm,232033627-00,146 Tremont St,Warrant Arrest - Boston Warrant (Must Be Supplemental),42.35524,-71.063037
166,153070 Alfredo Araujo,5/1/2023 6:06:00 Pm,5/1/2023 6:39:21 Pm,232033633-00,90 Woodbole Ave,Sick Assist,42.2762132,-71.0824622
167,,5/1/2023 11:40:00 Am,5/1/2023 6:42:03 Pm,232033641-00,41 Sprague St,,42.234855,-71.1378136
168,,5/1/2023 12:00:00 Am,5/1/2023 6:42:27 Pm,232033640-00,120 Highland St,Fraud - Wire,42.3259134,-71.0928086
169,053439 Michael Duffley,4/26/2023 12:01:00 Am,5/1/2023 6:44:53 Pm,232033637-00,249 A St,Fraud - Impersonation,42.3470872,-71.0508219
170,,5/1/2023 2:30:00 Pm,5/1/2023 6:52:59 Pm,232033570-00,301 Washington St,Harassment/ Criminal Harassment,42.300223,-71.0752575
171,010167 Michael Doyle,4/27/2023 12:45:00 Pm,5/1/2023 6:59:33 Pm,232033646-00,286 Commonwealth Ave,Larceny Theft From Building,42.3496974,-71.084671
172,011623 Arthur Lonergan,5/1/2023 5:29:00 Pm,5/1/2023 7:01:30 Pm,232033643-00,301 Washington Street,M/V - Leaving Scene - Property Damage,42.300223,-71.0752575
173,,5/1/2023 12:00:00 Am,5/1/2023 7:01:37 Pm,232033645-00,208 Sumner Street,Sick Assist,42.3691041,-71.0395764
174,,5/1/2023 7:04:00 Pm,5/1/2023 7:04:36 Pm,232033651-00,624 Hyde Park Ave,Investigate Person,42.2790444,-71.1187688
175,011832 Rodney Cameron,4/26/2023 2:00:00 Pm,5/1/2023 7:05:16 Pm,232033650-00,300 E Eagle St,Investigate Property,42.3815209,-71.0281853
176,081372 Bryan Mcgrath,5/1/2023 4:00:00 Pm,5/1/2023 7:06:11 Pm,232033628-00,3347 Washington St,Investigate Person,42.3090488,-71.1050902
177,009710 Evon Burke,5/1/2023 6:05:00 Pm,5/1/2023 7:06:15 Pm,232033644-00,101 W Broadway,M/V - Leaving Scene - Property Damage,42.3411265,-71.0549541
178,081127 David Malcolm,5/1/2023 5:40:00 Pm,5/1/2023 7:17:07 Pm,232033657-00,75 Boylston St,Drugs - Possession/ Sale/ Manufacturing/ Use,42.3525845,-71.0646769
179,144332 Tanasia Tibbs,5/1/2023 6:17:00 Pm,5/1/2023 7:17:47 Pm,232033630-00,1708 Centre St,Investigate Property,42.2867829,-71.1484246
180,011629 Carlos Martinez,5/1/2023 4:38:00 Pm,5/1/2023 7:20:52 Pm,232033583-00,3347 Washington St,Larceny All Others,42.3090488,-71.1050902
181,140300 Megan Green,5/1/2023 6:18:00 Pm,5/1/2023 7:22:58 Pm,232033658-00,Blue Hill Ave & Franklin Park Rd,Drugs - Possession/ Sale/ Manufacturing/ Use,42.316224,-71.07815
182,,5/1/2023 7:01:00 Pm,5/1/2023 7:23:07 Pm,232033656-00,630 Washington St,Sick Assist,42.3522864,-71.0624349
183,153165 Randy Del Villar,5/1/2023 2:00:00 Am,5/1/2023 7:27:08 Pm,232033659-00,300 E Eagle St,Missing Person,42.3815209,-71.0281853
184,,4/30/2023 6:00:00 Pm,5/1/2023 7:29:39 Pm,232033661-00,6 Maple St,Property - Lost/ Missing,42.2557889,-71.1221005
185,144332 Tanasia Tibbs,5/1/2023 7:27:00 Pm,5/1/2023 7:34:21 Pm,232033660-00,1708 Centre St,Fraud - Impersonation,42.2867829,-71.1484246
186,,5/1/2023 4:42:00 Pm,5/1/2023 7:35:26 Pm,232033587-00,800 Boylston St,Larceny Shoplifting,42.3471718,-71.0825063
187,103583 Jason Turcotte,5/1/2023 7:00:00 Am,5/1/2023 7:39:09 Pm,232033652-00,81 E Berkeley St,Missing Person - Located,42.3439633,-71.0662801
188,,5/1/2023 4:09:00 Pm,5/1/2023 7:41:45 Pm,232033647-00,137 Amory St,Investigate Property,42.319056,-71.1008835
189,148269 Kevin Herbert,5/1/2023 6:51:00 Pm,5/1/2023 7:48:35 Pm,232033655-00,Brookline Ave & Jersey St,Sick Assist,42.3466569,-71.0990492
190,144454 Paul Gormley,5/1/2023 4:50:00 Pm,5/1/2023 7:51:15 Pm,232033667-00,40 Sudbury St,Property - Lost/ Missing,42.3626805,-71.058023
191,153127 Taylor Green,5/1/2023 11:52:00 Am,5/1/2023 8:18:49 Pm,232033642-00,40 Gibson St,Larceny Theft From Building,42.2980276,-71.0590886
192,102383 Stephen Parenteau,4/30/2023 12:30:00 Am,5/1/2023 8:23:52 Pm,232033663-00,122 Fawndale Rd,Missing Person - Located,42.2891104,-71.1209778
193,008868 Waiman Lee,4/29/2023 5:00:00 Pm,5/1/2023 8:28:42 Pm,232033671-00,187 London St,M/V - Leaving Scene - Property Damage,42.3748516,-71.0369975
194,128336 Keyara Nolen,5/1/2023 11:00:00 Am,5/1/2023 8:30:39 Pm,232033675-00,40 Gibson St,M/V - Leaving Scene - Property Damage,42.2980276,-71.0590886
195,153125 Gul Hassan,5/1/2023 7:57:00 Pm,5/1/2023 8:34:18 Pm,232033672-00,393 Massachusetts Ave,Sick Assist - Drug Related Illness,42.341035,-71.0839643
196,,5/1/2023 5:50:00 Pm,5/1/2023 8:44:50 Pm,232033638-00,Boylston St & Washington St,Drugs - Possession/ Sale/ Manufacturing/ Use,42.352399,-71.062575
197,,5/1/2023 8:04:00 Pm,5/1/2023 8:45:31 Pm,232033674-00,330 Bowdoin St,M/V - Leaving Scene - Property Damage,42.3083991,-71.0650623
198,,5/1/2023 7:47:00 Pm,5/1/2023 8:52:46 Pm,232033681-00,154 Meridian St,Sick Assist,42.3740334,-71.03921
199,,5/1/2023 8:24:00 Pm,5/1/2023 9:04:19 Pm,232033678-00,Jersey St & Peterborough St,Vandalism,42.344559,-71.097873
200,,5/1/2023 7:19:00 Pm,5/1/2023 9:06:36 Pm,232033670-00,1629 Blue Hill Ave,Sick Assist,42.2683204,-71.09356
201,106708 Charbel Kamel,5/1/2023 8:24:00 Pm,5/1/2023 9:06:53 Pm,232033679-00,225 Sumner St,Sick Assist,42.3685584,-71.0394796
202,148267 James Gorman,5/1/2023 8:15:00 Pm,5/1/2023 9:07:17 Pm,232033684-00,54 Winter St,Weapon Violation - Carry/ Possessing/ Sale/ Trafficking/ Other,42.3561543,-71.0617631
203,,5/1/2023 8:45:00 Pm,5/1/2023 9:10:09 Pm,232033687-00,Marion St & Havre St,Towed Motor Vehicle,42.370739,-71.040294
204,118323 Eric Foley,5/1/2023 7:00:00 Pm,5/1/2023 9:12:14 Pm,232033688-00,175-177 Geneva Ave,Sick Assist,42.3049427,-71.0744499
205,010167 Michael Doyle,4/29/2023 8:30:00 Am,5/1/2023 9:25:35 Pm,232033692-00,76 Wareham St,Investigate Person,42.3388359,-71.0670895
206,011239 John Calisi,3/9/2023 12:00:00 Am,5/1/2023 9:26:07 Pm,232033690-00,1708 Centre St,Intimidating Witness,42.2867829,-71.1484246
207,011629 Carlos Martinez,5/1/2023 5:13:00 Pm,5/1/2023 9:28:55 Pm,232033597-00,3347 Washington St,Larceny Theft From Building,42.3090488,-71.1050902
208,128336 Keyara Nolen,5/1/2023 1:00:00 Pm,5/1/2023 9:29:54 Pm,232033694-00,40 Gibson St,Investigate Property,42.2980276,-71.0590886
209,,5/1/2023 7:46:00 Pm,5/1/2023 9:31:48 Pm,232033683-00,18 Fabyan St,Vandalism,42.289976,-71.091125
210,144310 Jonathan Fernan Santos,5/1/2023 8:54:00 Pm,5/1/2023 9:59:06 Pm,232033695-00,103 Ninth St,Assault - Simple,42.375723,-71.0516412
211,,5/1/2023 8:17:00 Pm,5/1/2023 10:02:52 Pm,232033673-00,Winslow St & Zeigler St,Assault - Aggravated,42.328486,-71.081521
212,011629 Carlos Martinez,5/1/2023 5:11:00 Pm,5/1/2023 10:03:10 Pm,232033596-00,3347 Washington St,Larceny Theft From Mv - Non-Accessory,42.3090488,-71.1050902
213,,5/1/2023 9:13:00 Am,5/1/2023 10:05:18 Pm,232033699-00,75 Francis St,Missing Person,42.3356871,-71.106036
214,,5/1/2023 9:21:00 Pm,5/1/2023 10:19:05 Pm,232033703-00,284 Columbia Rd,Investigate Person,42.3214888,-71.0528615
215,,5/1/2023 10:09:00 Pm,5/1/2023 10:20:38 Pm,232033702-00,4 Allstate Rd,Vandalism,42.324971,-71.0647719
216,011687 William Gallagher,5/1/2023 10:03:00 Pm,5/1/2023 10:30:08 Pm,232033698-00,1040 Washington St,License Premise Violation,42.2758446,-71.0692761
217,148260 Ryan Egan,5/1/2023 8:29:00 Pm,5/1/2023 10:30:44 Pm,232033697-00,Allston St & Brighton Ave,,42.353173,-71.1342308
218,,5/1/2023 9:58:00 Pm,5/1/2023 10:34:44 Pm,232033700-00,Sudbury St & Congress St,Vandalism,42.362663,-71.058014
219,"113237 Jr.,Robert K Nunes",5/1/2023 5:00:00 Pm,5/1/2023 10:46:48 Pm,232033704-00,17 Court St,Larceny Theft From Building,42.3590416,-71.0583916
220,,5/1/2023 12:00:00 Am,5/1/2023 10:56:16 Pm,232033708-00,33 Saxton St,Landlord - Tenant,42.3134169,-71.0541682
221,,5/1/2023 10:17:00 Pm,5/1/2023 10:56:57 Pm,232033706-00,28 State St,Sick Assist,42.3593391,-71.0574508
222,098661 Terence Long,5/1/2023 4:18:00 Pm,5/1/2023 11:00:12 Pm,232033571-00,Fenway Park,Investigate Property,42.3464621,-71.0971002
223,,5/1/2023 3:00:00 Pm,5/1/2023 11:03:37 Pm,232033710-00,342 Dorchester St,M/V - Leaving Scene - Property Damage,42.3306042,-71.0546145
224,129442 Sean Burke,5/1/2023 10:45:00 Pm,5/1/2023 11:28:32 Pm,232033709-00,566 Dorchester Ave,Warrant Arrest - Outside Of Boston Warrant,42.3248279,-71.0568578
225,144325 Dale Deaven Kennedy,5/1/2023 11:19:00 Pm,5/1/2023 11:51:44 Pm,232033715-00,757 Gallivan Blvd,Fire Report,42.2838291,-71.0449607
226,153070 Alfredo Araujo,5/1/2023 11:16:00 Pm,5/1/2023 11:56:19 Pm,232033711-00,415 River St,Investigate Person,42.2698211,-71.0910132
227,097246 Michael Forbes,5/1/2023 10:59:00 Pm,5/1/2023 11:56:33 Pm,232033716-00,"Brooks St & Falcon St East Boston, Ma 02128",Val - Violation Of Auto Law,42.378685,-71.034924
228,,5/1/2023 11:35:00 Pm,5/1/2023 11:58:30 Pm,232033717-00,64 Percival St,Investigate Property,42.3053166,-71.0630288
229,011262 Michael Pankievich,4/30/2023 11:15:00 Pm,5/2/2023 12:03:59 Am,232033718-00,650 Harrison Ave,M/V - Leaving Scene - Property Damage,42.3394545,-71.0692164
230,144446 Sean Bang,5/1/2023 1:11:00 Pm,5/2/2023 12:04:14 Am,232033507-00,172 N Washington St,Assault - Simple,42.3665142,-71.0585887
231,,5/1/2023 11:22:00 Pm,5/2/2023 12:10:51 Am,232033714-00,Atlantic Ave & Seaport Blvd,Val - Violation Of Auto Law,42.354897,-71.051125
232,,,Location Of Occurrence,,37 P St,Towed Motor Vehicle,42.3370904,-71.0273509
233,010441 Myron Phillips,4/30/2023 7:30:00 Pm,5/2/2023 12:51:03 Am,232033727-00,2400 Washington St,Missing Person,42.3284113,-71.0856977
234,012019 Joseph Glynn,5/1/2023 9:00:00 Am,5/2/2023 1:00:41 Am,232033724-00,145 N Beacon St,Investigate Property,42.3552865,-71.1453477
235,,5/2/2023 12:10:00 Am,5/2/2023 1:18:49 Am,232033732-00,217 Albany St,Investigate Person,42.3454359,-71.06173
236,126526 Jeremy Mahoney,5/2/2023 12:21:00 Am,5/2/2023 1:22:03 Am,232033730-00,79 Heath St,M/V Accident - Property Damage,42.3265773,-71.1009935
237,011280 Daniel Humphreys,5/2/2023 1:15:00 Am,5/2/2023 1:44:07 Am,232033734-00,40 Sudbury St,Prisoner - Suicide / Suicide Attempt,42.3626805,-71.058023
238,153122 Christopher Myers,5/2/2023 1:38:00 Am,5/2/2023 1:56:56 Am,232033737-00,330 Washington St,Investigate Person,42.3568053,-71.0587673
239,,5/2/2023 12:30:00 Am,5/2/2023 2:03:20 Am,232033736-00,254 Seaver St,Towed Motor Vehicle,42.3065744,-71.0866234
240,106708 Charbel Kamel,5/2/2023 12:38:00 Am,5/2/2023 2:04:59 Am,232033720-00,Sumner St & Wilbur Ct,Towed Motor Vehicle,42.364239,-71.028994
241,010441 Myron Phillips,5/1/2023 11:23:00 Pm,5/2/2023 2:10:35 Am,232033729-00,2400 Washington St,Vandalism,42.3284113,-71.0856977
242,,4/30/2023 9:00:00 Pm,5/2/2023 2:27:26 Am,232033738-00,123 Armandine St,Assault - Simple,42.2840069,-71.0763425
243,144446 Sean Bang,5/2/2023 2:41:00 Am,5/2/2023 2:27:39 Am,232033739-00,12 William C Kelly Sq,Vandalism,42.330468,-71.089683
244,,5/2/2023 1:45:00 Am,5/2/2023 2:45:15 Am,232033740-00,10 Roxbury St,Sick Assist,42.3293569,-71.0851802
245,,5/2/2023 1:01:00 Am,5/2/2023 2:50:29 Am,232033741-00,148 Seaver St,Investigate Person,42.3093087,-71.0907306
246,,5/2/2023 2:29:00 Am,5/2/2023 2:52:24 Am,232033723-00,99 Wayland St,Assault - Aggravated,42.3142986,-71.076232
247,,5/2/2023 12:11:00 Am,5/2/2023 3:11:26 Am,232033743-00,41 Bowdoin St,Sick Assist - Drug Related Illness,42.3597768,-71.063116
248,,5/2/2023 1:24:00 Am,5/2/2023 3:43:55 Am,232033744-00,75 Homestead St,Harassment/ Criminal Harassment,42.3121218,-71.0913858
249,148318 Maykol V. Garcia,5/2/2023 12:26:00 Am,5/2/2023 3:48:19 Am,232033735-00,40 Sudbury St,Property - Found,42.3626805,-71.058023
250,153150 Jaunasse Jean,5/2/2023 2:34:00 Am,5/2/2023 4:09:22 Am,232033742-00,Wales St & Blue Hill Ave,Val - Operating After Rev/Susp.,42.298519,-71.086578
251,,5/2/2023 1:19:00 Am,5/2/2023 4:09:27 Am,232033745-00,566 Warren St,Verbal Dispute,42.3125287,-71.0828806
252,148305 Patrick Sullivan,5/2/2023 2:03:00 Am,5/2/2023 4:14:23 Am,232033747-00,67 Edson St,Investigate Property,42.2417849,-71.1387319
253,144331 Richar Santiago,5/2/2023 3:52:00 Am,5/2/2023 4:25:27 Am,232033748-00,109 Trenton St,Sick Assist - Drug Related Illness,42.3792313,-71.0350501
254,,5/2/2023 3:18:00 Am,5/2/2023 4:28:58 Am,232033746-00,American Legion Hwy & Blue Hill Ave,Assault - Simple,42.298267,-71.087234
255,099715 Ismael Almeida,5/2/2023 12:00:00 Am,5/2/2023 5:01:30 Am,232033750-00,650 Harrison Ave,Larceny Theft From Building,42.3394545,-71.0692164
256,011583 Nytisha Brown,5/2/2023 4:51:00 Am,5/2/2023 5:10:17 Am,232033751-00,3347 Washington St,Property - Found,42.3090488,-71.1050902
257,099715 Ismael Almeida,5/2/2023 12:00:00 Am,5/2/2023 5:35:49 Am,232033752-00,650 Harrison Ave,Extortion Or Blackmail,42.3394545,-71.0692164
258,,5/1/2023 4:00:00 Pm,5/2/2023 6:26:27 Am,232033754-00,497 Warren St,Vandalism,42.3144588,-71.0839356
259,,5/2/2023 5:45:00 Am,5/2/2023 6:35:34 Am,232033756-00,490 Commonwealth Ave,Sick Assist,42.3484752,-71.0943944
260,081203 David O'Sullivan,5/2/2023 5:37:00 Am,5/2/2023 6:50:17 Am,232033753-00,57 Elmont St,Vandalism,42.2995187,-71.0775545
261,010946 Hector Cabrera,5/1/2023 4:00:00 Pm,5/2/2023 7:24:51 Am,232033568-00,100 Legends Way,Investigate Property,42.3662986,-71.0621622
262,,5/1/2023 10:09:00 Pm,5/2/2023 7:38:21 Am,232033701-00,205 Portland St,M/V Accident - Other,42.364716,-71.0619236
263,106708 Charbel Kamel,5/2/2023 5:28:00 Am,5/2/2023 7:39:46 Am,232033758-00,215 Leyden St,Verbal Dispute,42.3884241,-71.0032221
264,153329 Steven Kovaleski,5/1/2023 8:33:00 Pm,5/2/2023 7:41:26 Am,232033677-00,899 Boylston St,Larceny Shoplifting,42.3484447,-71.0841008
265,,5/2/2023 6:53:00 Am,5/2/2023 7:56:27 Am,232033759-00,Guild St & Washington St,M/V Accident - Other,42.326035,-71.087814
266,,4/15/2023 7:30:00 Am,5/2/2023 7:59:55 Am,232033760-00,40 Gibson St,Vandalism,42.2980276,-71.0590886
267,,5/2/2023 7:30:00 Am,5/2/2023 8:26:47 Am,232033761-00,1708 Centre St,M/V - Leaving Scene - Property Damage,42.2867829,-71.1484246
268,131284 Byron Foote,5/1/2023 4:45:00 Pm,5/2/2023 8:34:45 Am,232033590-00,Duke St & Wellington Hill St,M/V Accident - Police Vehicle,42.296369,-71.056457
269,144314 Joseph Houtmeyers,5/2/2023 7:06:00 Am,5/2/2023 8:41:01 Am,232033763-00,145 N Beacon St,Threats To Do Bodily Harm,42.3552865,-71.1453477
270,148267 James Gorman,5/2/2023 7:50:00 Am,5/2/2023 8:47:25 Am,232033768-00,Meridian St & W Eagle St,Val - Violation Of Auto Law,42.381424,-71.039345
271,153174 Lea Allen,5/2/2023 7:50:00 Am,5/2/2023 8:51:46 Am,232033762-00,570 American Legion Hwy,,42.2863081,-71.1078387
272,,5/2/2023 8:24:00 Am,5/2/2023 9:03:46 Am,232033770-00,1556 Blue Hill Ave,Sick Assist,42.2704964,-71.0932227
273,,5/2/2023 8:32:00 Am,5/2/2023 9:09:04 Am,232033773-00,213 Florence St,Warrant Arrest - Outside Of Boston Warrant,42.2860371,-71.1203648
274,,5/2/2023 7:45:00 Am,5/2/2023 9:23:03 Am,232033766-00,1708 Centre St,M/V - Leaving Scene - Property Damage,42.2867829,-71.1484246
275,126842 Jessica Hayes,5/1/2023 8:00:00 Am,5/2/2023 9:23:17 Am,230033776-00,40 Sudbury St,M/V - Leaving Scene - Property Damage,42.3626805,-71.058023
276,,5/1/2023 3:17:00 Pm,5/2/2023 9:29:38 Am,232033588-00,42 Torrey St,Sick Assist,42.287179,-71.0730851
277,,5/2/2023 9:17:00 Am,5/2/2023 9:54:21 Am,232033778-00,1634 Blue Hill Ave,Investigate Person,42.2682817,-71.0935623
278,,5/2/2023 8:55:00 Am,5/2/2023 9:55:18 Am,232033777-00,67 Brimmer St,Investigate Person,42.3563955,-71.0717155
279,094339 Patricia Hoey,5/1/2023 12:00:00 Am,5/2/2023 10:06:00 Am,232033786-00,1249 Hyde Park Ave,Larceny Theft Of Mv Parts & Accessories,42.2564288,-71.1242782
280,111716 Brendon Buccelli,5/2/2023 9:30:00 Am,5/2/2023 10:14:25 Am,232033781-00,Albany St & Massachusetts Ave,Val - Violation Of Auto Law,42.333824,-71.07354
281,112108 Cara Doyle,5/2/2023 9:56:00 Am,5/2/2023 10:30:04 Am,232033795-00,170 Woodrow Ave,M/V - Leaving Scene - Property Damage,42.2863138,-71.0866108
282,135897 Kamisha Green,5/1/2023 3:55:00 Pm,5/2/2023 10:40:26 Am,232033565-00,665 Washington St,Fraud - Impersonation,42.3518743,-71.0628615
283,011615 Dave Juba,5/1/2023 10:00:00 Pm,5/2/2023 10:44:49 Am,232033797-00,5 Emmons St,Vandalism,42.3710165,-71.0379208
284,096687 Michael Rockwell,5/2/2023 10:27:00 Am,5/2/2023 11:13:59 Am,232033815-00,95 Archdale Rd,Investigate Person,42.2914187,-71.1195606
285,,5/2/2023 10:53:00 Am,5/2/2023 11:33:04 Am,232033814-00,4600 Washington St,Larceny Shoplifting,42.2755947,-71.1389665
286,,4/29/2023 11:35:00 Pm,4/30/2023 12:14:37 Am,232033140-00,Boylston St & Fairfield St,Sick Assist,42.352399,-71.062575
287,,4/29/2023 11:45:00 Pm,4/30/2023 12:17:44 Am,232033142-00,850 Massachusetts Ave,Investigate Person,42.3320842,-71.0710402
288,011687 William Gallagher,4/30/2023 12:00:00 Am,4/30/2023 12:26:08 Am,232033138-00,755 Boylston St,License Premise Violation,42.3493339,-71.0810065
289,140337 Louisimond Vertyl,4/29/2023 11:36:00 Pm,4/30/2023 12:26:29 Am,232033139-00,1200 Commonwealth Ave,Operating Under The Influence (Oui) Alcohol,42.3501507,-71.129831
290,011902 Eddie Hernandez,4/29/2023 11:41:00 Pm,4/30/2023 12:45:48 Am,232033137-00,82 Lansdowne St,License Premise Violation,42.3470487,-71.0984891
291,011168 Ludwig Castillo,4/29/2023 11:55:00 Pm,4/30/2023 12:55:21 Am,232033145-00,Vfw Pkwy & Independence Dr,M/V - Leaving Scene - Property Damage,42.411069,-70.997781
292,012210 Brian Lundy,4/30/2023 12:30:00 Am,4/30/2023 1:00:14 Am,232033147-00,New Rutherford Ave & Rutherford Ave,Towed Motor Vehicle,42.373279,-71.0666556
293,,4/30/2023 12:18:00 Am,4/30/2023 1:04:27 Am,232033146-00,70 Sleeper St,Sick Assist,42.353879,-71.0482573
294,,4/30/2023 12:36:00 Am,4/30/2023 1:11:52 Am,232033152-00,30 Fremont St,,42.2712767,-71.092056
295,011902 Eddie Hernandez,4/29/2023 10:08:00 Pm,4/30/2023 1:19:08 Am,232033123-00,173 Portland St,License Premise Violation,42.3643131,-71.0616051
296,011262 Michael Pankievich,4/30/2023 12:42:00 Am,4/30/2023 1:41:38 Am,232033149-00,Commonwealth Ave & Exeter St,M/V - Leaving Scene - Property Damage,42.349914,-71.079681
297,126526 Jeremy Mahoney,4/30/2023 12:31:00 Am,4/30/2023 1:52:17 Am,232033156-00,120 Hyde Park Ave,Towed Motor Vehicle,42.2967673,-71.1153196
298,,4/30/2023 12:01:00 Am,4/30/2023 2:08:23 Am,232033153-00,Humboldt Ave & Townsend St,Investigate Person,42.316933,-71.086502
299,148222 Andrew Kelly,4/30/2023 1:30:00 Am,4/30/2023 2:36:27 Am,232033160-00,Commonwealth Ave & Wallingford Rd,M/V - Leaving Scene - Property Damage,42.35038,-71.110415
300,,4/30/2023 1:54:00 Am,4/30/2023 2:43:49 Am,232033161-00,1108 Boylston St,Val - Violation Of Auto Law,42.3468089,-71.0884618
301,,4/30/2023 2:13:00 Am,4/30/2023 2:51:35 Am,232033162-00,2 Center Plz,Sick Assist,42.3600513,-71.0603435
302,,4/30/2023 2:10:00 Am,4/30/2023 2:53:17 Am,232033163-00,Academy Hill Rd & Chestnut Hill Ave,Investigate Person,42.347088,-71.153748
303,114309 Julian Velez,4/30/2023 1:45:00 Am,4/30/2023 3:01:07 Am,232033158-00,440 William F Mcclellan Hwy,M/V Accident - Other,42.3934927,-71.0129766
304,148258 Sarah Drew,4/30/2023 12:50:00 Am,4/30/2023 3:02:32 Am,232033155-00,Hanover St & Marshall St,Assault - Aggravated,42.362019,-71.056658
305,,4/30/2023 1:40:00 Am,4/30/2023 3:13:04 Am,232033168-00,113 Dartmouth St,Assault - Simple,42.3461504,-71.0751841
306,,4/29/2023 11:52:00 Pm,4/30/2023 3:19:29 Am,232033170-00,63 Chatham St,Assault - Simple,42.359627,-71.0544442
307,,4/30/2023 1:20:00 Am,4/30/2023 3:36:55 Am,232033169-00,279 Tremont St,Assault - Simple,42.3500824,-71.065799
308,,4/30/2023 2:45:00 Am,4/30/2023 3:43:59 Am,232033172-00,141 Green St,Sick Assist,42.3103718,-71.1076496
309,,4/30/2023 2:26:00 Am,4/30/2023 3:49:46 Am,232033173-00,421 Albany St,M/V Accident - Personal Injury,42.3417256,-71.0632489
310,,4/30/2023 12:00:00 Am,4/30/2023 3:55:27 Am,232033166-00,76 Hutchings St,Towed Motor Vehicle,42.3107748,-71.0905848
311,153160 Mark Osis,4/30/2023 3:39:00 Am,4/30/2023 4:09:03 Am,232033174-00,84 Greenwood St,M/V - Leaving Scene - Property Damage,42.2991186,-71.0796026
312,,4/30/2023 1:12:00 Am,4/30/2023 4:12:25 Am,232033164-00,6 Stockton St,Assault - Aggravated,42.2827856,-71.0721654
313,,4/30/2023 3:55:00 Am,4/30/2023 4:30:48 Am,232033177-00,151 Old Colony Ave,Robbery,42.3344094,-71.055322
314,,4/30/2023 2:38:00 Am,4/30/2023 4:33:04 Am,232033167-00,9 Ditmus Ct,Disturbing The Peace/ Disorderly Conduct/ Gathering Causing Annoyance/ Noisy Party With Arrest,42.3369556,-71.0825277
315,,4/30/2023 12:00:00 Am,4/30/2023 4:39:08 Am,232033178-00,650 Harrison Ave,M/V Accident - Other City Vehicle,42.3394545,-71.0692164
316,,4/30/2023 4:17:00 Am,4/30/2023 5:22:29 Am,232033182-00,42 American Legion Hwy,M/V Accident - Property Damage,42.2974164,-71.089066
317,,4/29/2023 9:00:00 Pm,4/30/2023 6:34:13 Am,232033186-00,40 Gibson St,Robbery,42.2980276,-71.0590886
318,,4/30/2023 12:00:00 Am,4/30/2023 7:05:10 Am,232033188-00,50 American Legion Hwy,Investigate Person,42.2974952,-71.0892828
319,,4/30/2023 12:00:00 Am,4/30/2023 8:14:22 Am,230207143-00,650 Harrison Ave,Investigate Property,42.3394545,-71.0692164
320,,4/30/2023 7:28:00 Am,4/30/2023 8:22:04 Am,232033189-00,578 Norfolk St,Vandalism,42.2771662,-71.0915563
321,111716 Brendon Buccelli,4/30/2023 8:15:00 Am,4/30/2023 8:29:20 Am,232033190-00,1134 Washington St,Sick/Injured/Medical - Person,42.272677,-71.0694732
322,,4/30/2023 7:01:00 Am,4/30/2023 9:12:56 Am,232033191-00,100 Kilsyth Rd,Towed Motor Vehicle,42.3402179,-71.1460823
323,,4/30/2023 8:09:00 Am,4/30/2023 9:17:37 Am,232033193-00,2035 Commonwealth Ave,Towed Motor Vehicle,42.3403437,-71.1600723
324,,4/30/2023 8:39:00 Am,4/30/2023 9:35:42 Am,232033192-00,94 Itasca St,Investigate Property,42.2762787,-71.0994406
325,,4/30/2023 9:19:00 Am,4/30/2023 9:52:14 Am,232033194-00,1165 Blue Hill Ave,Investigate Person,42.2846826,-71.0916905
326,153127 Taylor Green,4/30/2023 12:30:00 Am,4/30/2023 9:53:50 Am,232033199-00,28 Glenrose Rd,Larceny Theft From Mv - Non-Accessory,42.2914917,-71.0586251
327,148249 John Canty,4/30/2023 8:02:00 Am,4/30/2023 9:56:52 Am,232033196-00,220 Clarendon St,Robbery,42.3511098,-71.0755741
328,106311 Dominic Dimarzo,4/30/2023 8:27:00 Am,4/30/2023 9:59:12 Am,232033197-00,19 Chaucer St,M/V - Leaving Scene - Property Damage,42.3831134,-71.0208642
329,153149 Daniel Roca,4/30/2023 8:32:00 Am,4/30/2023 10:03:05 Am,232033195-00,30 Shelby St,Towed Motor Vehicle,42.3804784,-71.0275507
330,011526 Dwain Jackson,4/30/2023 8:06:00 Am,4/30/2023 10:14:00 Am,232033201-00,1285 Hyde Park Ave,Towed Motor Vehicle,42.2551086,-71.1245797
331,144465 Michael Mastronardi,4/30/2023 9:58:00 Am,4/30/2023 10:36:17 Am,232033203-00,44 Border St,Sick Assist,42.371361,-71.0426143
332,,4/30/2023 10:30:00 Am,4/30/2023 10:40:34 Am,232033208-00,40 Gibson St,Fraud - Impersonation,42.2980276,-71.0590886
333,145782 Ingrid Reyes,4/28/2023 11:45:00 Pm,4/30/2023 10:44:35 Am,232033209-00,1708 Centre St,Larceny All Others,42.2867829,-71.1484246
334,144428 John Beauchemin,4/30/2023 10:25:00 Am,4/30/2023 11:09:58 Am,232033215-00,Public Alley No. 539 & W Newton St,M/V Accident - Property Damage,42.344149,-71.079971
335,,4/30/2023 10:37:00 Am,4/30/2023 11:12:26 Am,232033213-00,Morton St & Wilcock St,Drugs - Possession/ Sale/ Manufacturing/ Use,42.3636,-71.057208
336,,4/30/2023 10:37:00 Am,4/30/2023 11:17:27 Am,232033212-00,60 Chestnut Ave,Investigate Person,42.3202178,-71.1034228
337,135897 Kamisha Green,4/30/2023 9:41:00 Am,4/30/2023 11:27:06 Am,232033220-00,80 Atlantic Ave,Investigate Person,42.3624578,-71.0504909
338,,2/18/2023 7:30:00 Pm,4/30/2023 11:36:47 Am,232033217-00,1165 Blue Hill Ave,Larceny Theft From Mv - Non-Accessory,42.2846826,-71.0916905
339,,4/30/2023 11:07:00 Am,4/30/2023 11:37:01 Am,232033219-00,35 Fruit St,Investigate Person,42.3624994,-71.0695008
340,,4/30/2023 11:30:00 Am,4/30/2023 11:37:34 Am,230207370-00,650 Harrison Ave,Larceny Theft From Building,42.3394545,-71.0692164
341,,4/30/2023 11:14:00 Am,4/30/2023 11:40:14 Am,232033221-00,Albany St & Kneeland St,M/V - Leaving Scene - Property Damage,42.329833,-71.079175
342,"153083 Brian, F Harrington",4/30/2023 10:37:00 Am,4/30/2023 11:47:24 Am,232033218-00,Morton St & Wilcock St,Warrant Arrest - Outside Of Boston Warrant,42.3636,-71.057208
343,,4/30/2023 12:15:00 Am,4/30/2023 11:56:14 Am,232033227-00,3347 Washington St,M/V - Leaving Scene - Property Damage,42.3090488,-71.1050902
344,153117 Stanley Pina,4/30/2023 10:09:00 Am,4/30/2023 11:56:22 Am,232033224-00,47 Roseclair St,Towed Motor Vehicle,42.3206282,-71.0589232
345,148263 Michael Ennis,4/30/2023 11:32:00 Am,4/30/2023 12:13:54 Pm,232033229-00,729 American Legion Hwy,M/V Accident - Personal Injury,42.2829919,-71.1145506
346,,4/30/2023 12:00:00 Pm,4/30/2023 12:15:14 Pm,230207412-00,650 Harrison Ave,M/V - Leaving Scene - Property Damage,42.3394545,-71.0692164
347,054335 William Flores,4/30/2023 12:00:00 Am,4/30/2023 12:21:25 Pm,232033230-00,314 Bunker Hill Street,Towed Motor Vehicle,42.3806853,-71.0665103
348,126564 Sinead Coyne,4/30/2023 12:00:00 Am,4/30/2023 12:24:38 Pm,232033232-00,101 W Broadway,Larceny All Others,42.3411265,-71.0549541
349,120930 Arthur Green,4/30/2023 10:21:00 Am,4/30/2023 12:28:49 Pm,232033231-00,725 Albany St,Investigate Person,42.3347696,-71.072267
350,,4/24/2023 7:30:00 Pm,4/30/2023 12:37:07 Pm,232033236-00,1249 Hyde Park Ave,Fraud - False Pretense / Scheme,42.2564288,-71.1242782
351,131269 Brian Hurld,4/30/2023 11:21:00 Am,4/30/2023 12:37:34 Pm,232033233-00,204 Hamilton St,Property - Accidental Damage,42.3047028,-71.0656829
352,,4/30/2023 12:00:00 Pm,4/30/2023 12:48:56 Pm,232033234-00,Morton St & Evans St,Val - Operating After Rev/Susp.,42.2810091,-71.0849738
353,,4/27/2023 12:00:00 Am,4/30/2023 12:53:42 Pm,230207472-00,650 Harrison Ave,Larceny Theft From Building,42.3394545,-71.0692164
354,011453 Stephen Roy,4/18/2023 10:30:00 Pm,4/30/2023 12:54:56 Pm,232033235-00,26 Walk Hill St,Property - Lost/ Missing,42.2949458,-71.1154285
355,,4/30/2023 12:22:00 Pm,4/30/2023 12:58:55 Pm,232033237-00,473 E Fourth St,M/V Accident - Property Damage,42.334584,-71.046434
356,072751 Brigido Leon,4/30/2023 12:37:00 Pm,4/30/2023 1:05:55 Pm,232033238-00,Deering Rd & Wellington Hill St,Drugs - Possession/ Sale/ Manufacturing/ Use,42.3674,-71.032647
357,118206 William Ryan,4/30/2023 12:00:00 Am,4/30/2023 1:07:56 Pm,232033241-00,2400 Washington St,M/V - Leaving Scene - Property Damage,42.3284113,-71.0856977
358,,4/30/2023 12:42:00 Pm,4/30/2023 1:12:20 Pm,232033242-00,63 Fuller St,Vandalism,42.2831254,-71.0680147
359,096691 Carlson Breneus,4/30/2023 12:15:00 Pm,4/30/2023 1:22:13 Pm,232033245-00,1 Widett Cir,M/V Accident - Property Damage,42.3354231,-71.0636035
360,,4/30/2023 11:21:00 Am,4/30/2023 1:22:20 Pm,232033225-00,1496 Commonwealth Ave,Sick Assist,42.3462456,-71.140809
361,148304 Timothy Sprague,4/30/2023 12:16:00 Pm,4/30/2023 1:25:11 Pm,232033244-00,349 Bowdoin St,Assault - Aggravated,42.308604,-71.0646503
362,135897 Kamisha Green,4/29/2023 6:15:00 Pm,4/30/2023 1:50:14 Pm,232033248-00,1 Avenue De Lafayette,Larceny Theft From Mv - Non-Accessory,42.3534041,-71.0607712
363,,4/30/2023 1:41:00 Pm,4/30/2023 1:56:18 Pm,232033250-00,1165 Blue Hill Ave,Threats To Do Bodily Harm,42.2846826,-71.0916905
364,,4/30/2023 12:35:00 Pm,4/30/2023 2:04:56 Pm,232033254-00,10 Whitten St,Sick Assist,42.293002,-71.0615292
365,153127 Taylor Green,4/28/2023 4:25:00 Pm,4/30/2023 2:06:38 Pm,232033240-00,49 Hamilton St,Larceny All Others,42.2333514,-71.1326899
366,086175 Jeffrey Lippolis,4/30/2023 12:17:00 Pm,4/30/2023 2:08:20 Pm,232033251-00,39 Mount Hood Rd,Fire Report/Alarm - False,42.3420493,-71.1428372
367,148249 John Canty,4/30/2023 12:58:00 Pm,4/30/2023 2:21:28 Pm,232033247-00,138 Saint James Ave,Firearm/Weapon - Found Or Confiscated,42.3490607,-71.076181
368,,4/30/2023 1:00:00 Pm,4/30/2023 2:27:30 Pm,232033259-00,55 Kendall St,Assault - Simple,42.3351318,-71.0814855
369,,4/30/2023 10:57:00 Am,4/30/2023 2:39:27 Pm,232033264-00,40 Gibson St,Breaking And Entering (B&E) Motor Vehicle (No Property Stolen),42.2980276,-71.0590886
370,,4/30/2023 1:54:00 Pm,4/30/2023 2:40:06 Pm,232033262-00,251 Marion St,Larceny All Others,42.3741667,-71.0331166
371,,4/29/2023 12:00:00 Am,4/30/2023 2:41:11 Pm,230207586-00,650 Harrison Ave,Larceny All Others,42.3394545,-71.0692164
372,153329 Steven Kovaleski,4/30/2023 2:30:00 Pm,4/30/2023 2:41:50 Pm,232033266-00,Boylston St & Gloucester St,Towed Motor Vehicle,42.3481552,-71.0839194
373,,4/30/2023 1:55:00 Pm,4/30/2023 2:42:54 Pm,232033263-00,1 Shabazz Way,Trespassing,42.330254,-71.081698
374,153128 Matthew Gagnon,4/30/2023 1:57:00 Pm,4/30/2023 2:48:36 Pm,232033261-00,490 Commonwealth Ave,Sick Assist,42.3484752,-71.0943944
375,144465 Michael Mastronardi,4/30/2023 1:00:00 Pm,4/30/2023 2:52:42 Pm,232033268-00,418 Border St,Vandalism,42.3808574,-71.0403336
376,153117 Stanley Pina,4/30/2023 12:14:00 Pm,4/30/2023 2:53:54 Pm,232033258-00,267 W Third St,Sick Assist,42.3380304,-71.0479312
377,087356 Joseph Brown,4/30/2023 2:57:00 Pm,4/30/2023 3:04:02 Pm,232033270-00,1708 Centre St,Investigate Person,42.2867829,-71.1484246
378,145782 Ingrid Reyes,4/30/2023 2:00:00 Pm,4/30/2023 3:05:19 Pm,232033271-00,1708 Centre St,M/V - Leaving Scene - Property Damage,42.2867829,-71.1484246
379,,4/30/2023 1:59:00 Pm,4/30/2023 3:14:24 Pm,232033272-00,4 Longfellow Pl,Sick Assist,42.3635128,-71.0642633
380,144315 Laura Melissa Suarez,4/30/2023 2:53:00 Pm,4/30/2023 3:25:00 Pm,232033274-00,11 Monsignor Patrick J. Lydon Way,Fire Report/Alarm - False,42.2879932,-71.0630179
381,,4/30/2023 2:30:00 Pm,4/30/2023 3:26:30 Pm,232033275-00,Dorchester Ave & Hancock St,M/V Accident - Property Damage,42.3085212,-71.0583056
382,,4/30/2023 2:00:00 Am,4/30/2023 3:28:26 Pm,230207644-00,650 Harrison Ave,Burglary - Residential,42.3394545,-71.0692164
383,,4/30/2023 3:04:00 Pm,4/30/2023 3:29:19 Pm,232033276-00,23 Humphreys St,Sick Assist,42.3199258,-71.0661625
384,,4/30/2023 3:20:00 Pm,4/30/2023 3:35:00 Pm,232033277-00,40 Gibson St,Fraud - False Pretense / Scheme,42.2980276,-71.0590886
385,,4/30/2023 10:23:00 Am,4/30/2023 3:40:20 Pm,232033280-00,650 Harrison Ave,M/V Accident - Other,42.3394545,-71.0692164
386,,4/30/2023 3:05:00 Pm,4/30/2023 3:49:20 Pm,232033281-00,103 Babson St,Investigate Person,42.2721479,-71.0923595
387,,4/30/2023 2:42:00 Pm,4/30/2023 3:52:04 Pm,232033279-00,33 Kilmarnock St,Assault - Simple,42.3435106,-71.1004905
388,099783 Andrew Powers,4/30/2023 3:54:00 Pm,4/30/2023 4:39:09 Pm,232033287-00,South St & Spalding St,Investigate Person,42.292592,-71.054084
389,096691 Carlson Breneus,4/30/2023 3:43:00 Pm,4/30/2023 4:50:17 Pm,232033286-00,93 Fargo St,Verbal Dispute,42.3443851,-71.040689
390,153070 Alfredo Araujo,4/30/2023 4:07:00 Pm,4/30/2023 5:04:01 Pm,232033288-00,914 Morton St,Verbal Dispute,42.2807287,-71.0831406
391,011629 Carlos Martinez,4/30/2023 4:11:00 Pm,4/30/2023 5:06:42 Pm,232033291-00,10 Burnett St,Harassment/ Criminal Harassment,42.3047887,-71.1097506
392,,4/30/2023 4:26:00 Pm,4/30/2023 5:07:01 Pm,232033292-00,65 E India Row,Investigate Person,42.3576762,-71.0504917
393,080088 Jill Ryan,4/30/2023 2:00:00 Pm,4/30/2023 5:08:21 Pm,232033294-00,1 Nassau St,Assault - Aggravated,42.3486703,-71.0629127
394,053071 Daniel Mcmorrow,4/30/2023 4:21:00 Pm,4/30/2023 5:18:28 Pm,232033289-00,867 Boylston St,Vandalism,42.3486678,-71.0834071
395,102191 Madeline Banks,4/2/2023 12:00:00 Am,4/30/2023 5:19:41 Pm,232033296-00,101 W Broadway,Harassment/ Criminal Harassment,42.3411265,-71.0549541
396,140290 William Dick,4/30/2023 4:48:00 Pm,4/30/2023 5:23:52 Pm,232033298-00,38 Stellman Rd,Sick/Injured/Medical - Person,42.289201,-71.1223892
397,,4/30/2023 4:46:00 Pm,4/30/2023 5:28:38 Pm,232033299-00,35 Middleton St,M/V Accident - Personal Injury,42.28409,-71.086762
398,,4/30/2023 4:45:00 Pm,4/30/2023 5:31:06 Pm,232033297-00,80 Summer St,Sick Assist,42.3540331,-71.0580952
399,080088 Jill Ryan,4/30/2023 5:15:00 Pm,4/30/2023 5:47:54 Pm,232033305-00,40 New Sudbury St,Larceny Theft From Building,42.361822,-71.0602924
400,,4/30/2023 3:27:00 Pm,4/30/2023 6:08:55 Pm,232033308-00,260 Norfolk St,M/V Accident - Property Damage,42.2841004,-71.0813051
401,,4/30/2023 4:51:00 Pm,4/30/2023 6:10:00 Pm,232033301-00,27 Mayfield St,Sick Assist,42.3167081,-71.0579752
402,,4/30/2023 3:46:00 Pm,4/30/2023 6:19:00 Pm,232033304-00,800 Boylston St,Larceny Shoplifting,42.3471718,-71.0825063
403,093941 Daniel Isberg,4/30/2023 6:06:00 Pm,4/30/2023 6:25:04 Pm,232033309-00,Talbot Ave & Brent St,M/V - Leaving Scene - Property Damage,42.289593,-71.068192
404,,4/30/2023 4:25:00 Pm,4/30/2023 6:25:20 Pm,232033295-00,40 Berkeley St,Assault - Simple,42.346057,-71.0708438
405,144416 Sharis Barkhordarian,4/30/2023 5:01:00 Pm,4/30/2023 6:29:37 Pm,232033300-00,100 Legends Way,Verbal Dispute,42.3662986,-71.0621622
406,,4/30/2023 6:20:00 Pm,4/30/2023 6:29:41 Pm,232033311-00,301 Washington St,Property - Found,42.300223,-71.0752575
407,,4/29/2023 10:03:00 Pm,4/30/2023 6:49:10 Pm,232033306-00,10 Plant Ct,Trespassing,42.3248587,-71.1028906
408,118323 Eric Foley,4/30/2023 6:08:00 Pm,4/30/2023 6:54:32 Pm,232033314-00,1475 Dorchester Ave,Investigate Person,42.2999482,-71.0621582
409,008271 Richard Whalen,4/30/2023 5:55:00 Pm,4/30/2023 7:13:48 Pm,232033321-00,40 Sudbury St,Auto Theft,42.3626805,-71.058023
410,,4/30/2023 6:33:00 Pm,4/30/2023 7:18:01 Pm,232033322-00,231 Quincy St,Sick Assist,42.3124555,-71.073965
411,153137 Matthew Turner,4/30/2023 6:47:00 Pm,4/30/2023 7:23:04 Pm,232033323-00,1301 Blue Hill Ave,Investigate Property,42.2791393,-71.0929685
412,012207 Patrick Kelly,4/29/2023 10:32:00 Pm,4/30/2023 7:24:22 Pm,232033329-00,1708 Centre St,Larceny All Others,42.2867829,-71.1484246
413,011685 Patrick Foley,4/30/2023 12:00:00 Am,4/30/2023 7:37:30 Pm,232033332-00,39 Deering Rd,Sick Assist,42.2844239,-71.0932343
414,135897 Kamisha Green,4/30/2023 6:32:00 Pm,4/30/2023 7:38:26 Pm,232033316-00,175 Princeton St,M/V Accident - Property Damage,42.3784987,-71.0329006
415,,4/30/2023 6:35:00 Pm,4/30/2023 7:42:28 Pm,232033324-00,108 London St,Assault - Simple,42.3728496,-71.0396755
416,077370 Bienvenido Delacruz,4/30/2023 6:36:00 Pm,4/30/2023 7:45:58 Pm,232033313-00,40 Gibson St,Property - Lost/ Missing,42.2980276,-71.0590886
417,"113237 Jr.,Robert K Nunes",4/30/2023 7:18:00 Pm,4/30/2023 8:07:12 Pm,232033333-00,1 Longfellow Pl,Sick Assist,42.3636366,-71.0647805
418,148261 Siobhan Elvin,4/30/2023 12:43:00 Pm,4/30/2023 8:08:17 Pm,232033303-00,161 S Huntington Ave,Sick Assist,42.3281457,-71.1114501
419,,4/30/2023 7:15:00 Pm,4/30/2023 8:15:11 Pm,232033336-00,23 Monsignor Reynolds Way,Sick Assist,42.3404051,-71.0698763
420,,4/30/2023 6:02:00 Pm,4/30/2023 8:19:21 Pm,232033317-00,Walnut Park & Washington St,Missing Person - Not Reported - Located,42.314913,-71.095312
421,044946 Laurence Johnson,4/28/2023 8:00:00 Am,4/30/2023 8:20:32 Pm,232032635-00,70 Rowes Whrf,Investigate Property,42.3566602,-71.0503163
422,044946 Laurence Johnson,4/28/2023 9:10:00 Am,4/30/2023 8:29:00 Pm,232032642-00,250 Franklin St,Investigate Property,42.3564584,-71.0543164
423,044946 Laurence Johnson,4/29/2023 1:00:00 Pm,4/30/2023 8:35:33 Pm,232033001-00,24 Jersey St,Investigate Property,42.3464843,-71.0983162
424,077370 Bienvenido Delacruz,4/30/2023 6:22:00 Pm,4/30/2023 8:45:46 Pm,232033326-00,40 Gibson St,M/V - Leaving Scene - Property Damage,42.2980276,-71.0590886
425,,4/30/2023 8:51:00 Pm,4/30/2023 8:53:48 Pm,232033340-00,158 Walnut Ave,Missing Person,42.3200862,-71.0874487
426,,4/30/2023 7:12:00 Pm,4/30/2023 8:55:51 Pm,232033337-00,805 Hyde Park Ave,Investigate Person,42.2727762,-71.1204532
427,153137 Matthew Turner,4/30/2023 8:17:00 Pm,4/30/2023 9:01:43 Pm,232033339-00,54 Rexford St,Investigate Property,42.2696021,-71.0952865
428,153165 Randy Del Villar,4/30/2023 1:00:00 Pm,4/30/2023 9:02:04 Pm,232033342-00,300 East Eagle Street,Property - Lost/ Missing,42.3815209,-71.0281853
429,,4/30/2023 8:20:00 Pm,4/30/2023 9:05:12 Pm,232033344-00,437 Old Colony Ave,Verbal Dispute,42.3248716,-71.0525684
430,,4/30/2023 8:39:00 Pm,4/30/2023 9:12:41 Pm,232033343-00,1055 Commonwealth Ave,Sick Assist,42.3526274,-71.1228709
431,011687 William Gallagher,4/30/2023 8:57:00 Pm,4/30/2023 9:19:14 Pm,232033341-00,1 Stuart St,License Premise Violation,42.3510675,-71.0631238
432,,4/30/2023 7:52:00 Pm,4/30/2023 9:24:53 Pm,232033347-00,1 Central Sq,Investigate Person,42.374708,-71.038786
433,011408 Jean-Gerard Dorsainvil,4/30/2023 7:41:00 Pm,4/30/2023 9:25:52 Pm,232033335-00,111 Babson St,Missing Person,42.2716943,-71.0924665
434,,4/30/2023 9:00:00 Pm,4/30/2023 9:32:04 Pm,232033349-00,10 Summer St,Warrant Arrest - Boston Warrant (Must Be Supplemental),42.3554408,-71.0598617
435,,4/30/2023 12:17:00 Pm,4/30/2023 9:52:08 Pm,232033255-00,21 Aspinwall Rd,Investigate Person,42.2918457,-71.0730442
436,,4/30/2023 9:54:00 Pm,4/30/2023 9:54:54 Pm,232033348-00,15 Algonquin St,Harassment/ Criminal Harassment,42.2979772,-71.0737309
437,126479 Nolan Burns,4/13/2023 8:35:00 Pm,4/30/2023 9:57:38 Pm,232028885-00,91 Hancock St,Fraud - Impersonation,42.3125034,-71.0646418
438,126564 Sinead Coyne,4/30/2023 12:00:00 Am,4/30/2023 10:13:54 Pm,232033353-00,9 Dalessio Court,Sick Assist,42.338176,-71.055396
439,,4/30/2023 6:20:00 Pm,4/30/2023 10:16:12 Pm,232033325-00,4 Longfellow Pl,Death Investigation,42.3635128,-71.0642633
440,118206 William Ryan,4/30/2023 12:00:00 Am,4/30/2023 10:27:01 Pm,232033358-00,728 Dudley St,Robbery,42.3182465,-71.067644
441,103602 Thomas Killion,4/30/2023 9:04:00 Pm,4/30/2023 10:35:07 Pm,232033361-00,301 Washington St,M/V - Leaving Scene - Property Damage,42.300223,-71.0752575
442,144474 Dennis Moore,4/30/2023 9:37:00 Pm,4/30/2023 10:35:59 Pm,232033352-00,1250 Boylston St,Vandalism,42.3449892,-71.0953606
443,,4/30/2023 9:52:00 Pm,4/30/2023 10:43:26 Pm,232033360-00,17 Court St,Investigate Person,42.3590416,-71.0583916
444,148261 Siobhan Elvin,4/30/2023 10:05:00 Pm,4/30/2023 10:52:29 Pm,232033357-00,20 Beethoven St,Disturbing The Peace/ Disorderly Conduct/ Gathering Causing Annoyance/ Noisy Party With Arrest,42.3159122,-71.1000079
445,,4/30/2023 9:52:00 Pm,4/30/2023 11:06:00 Pm,232033355-00,778 Dudley St,Sick Assist,42.3181528,-71.0674225
446,148283 Tyler Mathewson,4/30/2023 9:46:00 Pm,4/30/2023 11:08:22 Pm,232033363-00,650 Harrison Ave,Auto Theft,42.3394545,-71.0692164
447,153155 Castro Clemat,4/30/2023 9:47:00 Pm,4/30/2023 11:12:23 Pm,232033359-00,105 Bateman St,Sick/Injured/Medical - Person,42.2695125,-71.1301165
448,053244 Brian Perry,4/30/2023 10:31:00 Pm,4/30/2023 11:17:07 Pm,232033364-00,346 Congress St,Vandalism,42.3506872,-71.0486836
449,,4/30/2023 10:29:00 Pm,4/30/2023 11:46:46 Pm,232033362-00,123 Garfield Ave,Drugs - Possession/ Sale/ Manufacturing/ Use,42.2443786,-71.1193006
450,,4/30/2023 10:53:00 Pm,4/30/2023 11:50:59 Pm,232033367-00,10 Camelot Ct,Sick Assist,42.3500671,-71.1413048
451,144484 Sarah Palermo,4/29/2023 11:30:00 Pm,5/1/2023 12:37:14 Am,232033150-00,54 Pilgrim Rd,Investigate Person,42.3419264,-71.1056098
452,,5/1/2023 12:22:00 Am,5/1/2023 12:51:56 Am,232033372-00,28 Spring Garden St,Investigate Property,42.3177701,-71.0531235
453,153084 Gerard M Giblin,5/1/2023 12:08:00 Am,5/1/2023 1:24:02 Am,232033371-00,610 Rutherford Ave,M/V Accident - Property Damage,42.3836311,-71.0738313
454,110930 Derek Chan,5/1/2023 12:25:00 Am,5/1/2023 1:36:48 Am,232033373-00,41 Bowdoin St,Sick Assist - Drug Related Illness,42.3597768,-71.063116
455,,5/1/2023 1:35:00 Am,5/1/2023 2:23:33 Am,232033380-00,25 Jan Karski Way,Sick Assist,42.3257825,-71.0601067
456,151191 Kevin Ashe,5/1/2023 12:31:00 Am,5/1/2023 2:35:51 Am,232033382-00,16 Marden Ave,Investigate Property,42.2847611,-71.0865785
457,153116 Salvarys Reynoso-Santos,5/1/2023 12:00:00 Am,5/1/2023 2:40:23 Am,232033370-00,3240 Washington St,Investigate Person,42.311514,-71.102377
458,103782 Kevin Rooney,5/1/2023 2:26:00 Am,5/1/2023 3:08:43 Am,232033385-00,1630 Blue Hill Ave,M/V - Leaving Scene - Personal Injury,42.2684887,-71.0933506
459,010404 Joseph Galvin,5/1/2023 2:42:00 Am,5/1/2023 3:35:26 Am,232033389-00,416 Poplar St,Property - Accidental Damage,42.2760751,-71.1251503
460,110930 Derek Chan,5/1/2023 3:03:00 Am,5/1/2023 3:38:50 Am,232033390-00,505 Washington St,Assault - Simple,42.354732,-71.0614884
461,126552 Richard Trull,5/1/2023 3:02:00 Am,5/1/2023 3:48:12 Am,232033388-00,253 Norfolk St,M/V - Leaving Scene - Property Damage,42.284399,-71.081097
462,,5/1/2023 2:33:00 Am,5/1/2023 4:22:04 Am,232033386-00,1148 Washington St,Burglary - Commerical,42.3435468,-71.0658737
463,,5/1/2023 3:47:00 Am,5/1/2023 5:03:02 Am,232033392-00,185 State St,Sick Assist,42.3593014,-71.0528639
464,,5/1/2023 7:41:00 Am,5/1/2023 8:34:15 Am,232033410-00,526 Talbot Ave,Sick Assist,42.2875007,-71.064858
465,153122 Christopher Myers,4/28/2023 11:44:00 Pm,4/29/2023 12:45:46 Am,232032897-00,772 Adams St,Investigate Person,42.2845706,-71.0552286
466,,4/29/2023 12:16:00 Am,4/29/2023 12:54:12 Am,232032899-00,6 Bispham St,Property - Lost/ Missing,42.2988687,-71.0586606
467,,4/28/2023 11:51:00 Pm,4/29/2023 12:59:52 Am,232032904-00,374 Dorchester St,Sick Assist - Drug Related Illness,42.3300203,-71.0557239
468,050412 Joseph Coppinger,4/29/2023 12:06:00 Am,4/29/2023 1:03:50 Am,232032905-00,52 Lake Shore Rd,Sick/Injured/Medical - Police,42.3442352,-71.1646651
469,,4/28/2023 10:10:00 Pm,4/29/2023 1:40:13 Am,232032908-00,949 Commonwealth Ave,M/V Accident - Involving Bicycle - Injury,42.3517837,-71.1187216
470,,4/29/2023 1:11:00 Am,4/29/2023 1:47:20 Am,232032912-00,229 E Eighth St,Disturbing The Peace/ Disorderly Conduct/ Gathering Causing Annoyance/ Noisy Party With Arrest,42.332511,-71.0507919
471,148255 Christopher Diaz,4/29/2023 1:05:00 Am,4/29/2023 2:03:20 Am,232032916-00,301 Washington St,Missing Person - Located,42.300223,-71.0752575
472,144457 John Hollerbach,4/28/2023 10:00:00 Pm,4/29/2023 2:06:18 Am,232032914-00,40 New Sudbury St,Larceny Theft Of Bicycle,42.361822,-71.0602924
473,,4/28/2023 10:00:00 Pm,4/29/2023 2:11:26 Am,232032919-00,279 Tremont St,Assault - Simple,42.3500824,-71.065799
474,,4/29/2023 1:32:00 Am,4/29/2023 2:17:40 Am,232032920-00,Brookline Ave & Lansdowne St,Sick Assist,42.347153,-71.094394
475,,4/29/2023 1:18:00 Am,4/29/2023 2:27:01 Am,232032918-00,351 Bowdoin St,M/V Accident - Property Damage,42.309108,-71.0637681
476,,4/29/2023 1:45:00 Am,4/29/2023 2:51:13 Am,232032917-00,101 Chelsea Street,M/V Accident - Property Damage,42.3723533,-71.0356208
477,,4/29/2023 12:10:00 Am,4/29/2023 3:03:19 Am,232032902-00,230 Friend St,Investigate Person,42.3643102,-71.0610185
478,153135 Matthew Entwistle,4/29/2023 2:24:00 Am,4/29/2023 3:04:27 Am,232032924-00,660 Washington St,Assault - Simple,42.3519609,-71.0625507
479,153125 Gul Hassan,4/29/2023 1:28:00 Am,4/29/2023 3:07:13 Am,232032921-00,15 Lansdowne St,Investigate Property,42.3474068,-71.0959362
480,,4/29/2023 3:09:00 Am,4/29/2023 3:09:15 Am,232032928-00,Quincy St & Magnolia St,M/V Accident - Personal Injury,42.3112599,-71.0733459
481,,4/28/2023 12:30:00 Am,4/29/2023 3:14:36 Am,232032929-00,Anthony Rip Valenti Way & Canal St,Towed Motor Vehicle,42.363318,-71.058769
482,,4/29/2023 3:02:00 Am,4/29/2023 3:14:40 Am,232032926-00,650 Harrison Ave,Auto Theft,42.3394545,-71.0692164
483,012045 Kirk Merricks,4/29/2023 12:59:00 Am,4/29/2023 3:16:30 Am,232032911-00,1 Canal St,Investigate Person,42.3641677,-71.0587436
484,,4/28/2023 10:00:00 Am,4/29/2023 3:17:14 Am,232032900-00,131 Eustis St,Missing Person - Not Reported - Located,42.3288558,-71.0784253
485,,4/29/2023 3:10:00 Am,4/29/2023 3:33:20 Am,232032930-00,11 Melnea Cass Blvd,Towed Motor Vehicle,42.334763,-71.084457
486,106708 Charbel Kamel,4/29/2023 1:30:00 Am,4/29/2023 3:35:54 Am,232032932-00,28 Bennington St,Assault - Simple,42.3753787,-71.0378204
487,,4/28/2023 7:30:00 Pm,4/29/2023 3:36:11 Am,232032933-00,4 Jersey St,Property - Lost/ Missing,42.3464621,-71.0971002
488,,4/29/2023 1:33:00 Am,4/29/2023 3:45:30 Am,232032913-00,Lynde St & Cambridge St,Sick Assist,42.361669,-71.064416
489,010404 Joseph Galvin,4/29/2023 3:07:00 Am,4/29/2023 3:56:32 Am,232032931-00,144 Beaver St,M/V Accident - Personal Injury,42.2550485,-71.1314885
490,,4/29/2023 3:08:00 Am,4/29/2023 3:58:57 Am,232032934-00,155 Ruthven St,Sick Assist - Drug Related Illness,42.3117003,-71.0884359
491,,4/29/2023 1:17:00 Am,4/29/2023 4:01:32 Am,232032909-00,446 Blue Hill Ave,Val - Operating After Rev/Susp.,42.2676251,-71.0938782
492,116197 Jackson Geneus,4/29/2023 3:30:00 Am,4/29/2023 4:09:58 Am,232032938-00,77 Salem St,Verbal Dispute,42.3635478,-71.0558018
493,,4/28/2023 1:13:00 Am,4/29/2023 4:14:40 Am,232032935-00,164 Westview St,Missing Person - Not Reported - Located,42.290659,-71.0850765
494,144424 Michael Mahoney,4/29/2023 3:17:00 Am,4/29/2023 4:23:31 Am,232032937-00,118 Beacon St,Investigate Person,42.3553679,-71.0737378
495,110930 Derek Chan,4/29/2023 3:37:00 Am,4/29/2023 4:44:57 Am,232032939-00,Chelsea St & Sixteenth St,Val - Violation Of Auto Law,42.315777,-71.053591
496,148294 Richard Regan,4/29/2023 4:38:00 Am,4/29/2023 5:05:44 Am,232032941-00,Ellis St & Hillis Rd,M/V Accident - Property Damage,42.323927,-71.092484
497,,4/29/2023 3:39:00 Am,4/29/2023 5:06:02 Am,232032936-00,557 Dudley St,M/V Accident - Personal Injury,42.3211987,-71.0724006
498,055789 Jay Tully,4/29/2023 2:20:00 Am,4/29/2023 5:25:42 Am,232032927-00,101 W Broadway,Sick/Injured/Medical - Police,42.3411265,-71.0549541
499,116149 Sean O'Connor,4/29/2023 12:00:00 Am,4/29/2023 5:41:55 Am,232032942-00,267 Centre St,Investigate Person,42.2935456,-71.0617594
500,,4/29/2023 5:30:00 Am,4/29/2023 6:27:15 Am,232032945-00,244 East Eighth Street,Sick Assist - Drug Related Illness,42.3324623,-71.0501772
501,,4/29/2023 6:23:00 Am,4/29/2023 7:10:35 Am,232032947-00,223 Saratoga St,Towed Motor Vehicle,42.3776737,-71.0331273
502,,4/29/2023 6:07:00 Am,4/29/2023 7:12:40 Am,232032948-00,2262 Dorchester Ave,Investigate Person,42.2730093,-71.0671542
503,140332 Justin O'Brien,4/29/2023 7:21:00 Am,4/29/2023 8:11:24 Am,232032952-00,200 William F Mcclellan Hwy,M/V Accident - Property Damage,42.3879543,-71.0178798
504,131224 Anthony Stemn,4/29/2023 9:20:00 Am,4/29/2023 9:33:51 Am,232032961-00,3347 Washington St,Investigate Property,42.3090488,-71.1050902
505,,4/29/2023 9:15:00 Am,4/29/2023 9:45:13 Am,232032959-00,57 Austin St,Investigate Person,42.2598581,-71.1257299
506,011832 Rodney Cameron,4/29/2023 7:25:00 Am,4/29/2023 9:46:04 Am,232032965-00,73 Addison St,Val - Violation Of Auto Law,42.3857762,-71.0189605
507,153458 Benis Peguero,4/28/2023 12:00:00 Am,4/29/2023 9:46:48 Am,232032968-00,650 Harrison Ave,Harassment/ Criminal Harassment,42.3394545,-71.0692164
508,121746 Alex Misiaszek,4/29/2023 8:50:00 Am,4/29/2023 9:50:34 Am,232032958-00,4975 Washington St,Breaking And Entering (B&E) Motor Vehicle,42.2679848,-71.1509681
509,,4/29/2023 8:16:00 Am,4/29/2023 9:50:51 Am,232032966-00,307 Bowdoin St,Sick Assist,42.3072411,-71.0654043
510,,4/29/2023 8:37:00 Am,4/29/2023 9:54:56 Am,232032967-00,85 Tennis Rd,Verbal Dispute,42.2771237,-71.0969382
511,,4/29/2023 8:04:00 Am,4/29/2023 10:05:37 Am,232032963-00,505 Columbus Ave,Towed Motor Vehicle,42.3425046,-71.0797597
512,,4/28/2023 12:00:00 Am,4/29/2023 10:25:23 Am,232032975-00,3347 Washington St,Larceny Theft From Mv - Non-Accessory,42.3090488,-71.1050902
513,,4/29/2023 10:02:00 Am,4/29/2023 10:33:40 Am,232032974-00,69 Hamilton St,Investigate Person,42.3081534,-71.069929
514,,4/28/2023 12:30:00 Am,4/29/2023 10:36:08 Am,232032980-00,40 Gibson St,Larceny Theft Of Mv Parts & Accessories,42.2980276,-71.0590886
515,011453 Stephen Roy,4/29/2023 9:59:00 Am,4/29/2023 10:39:04 Am,232032979-00,Arborway & Washington St,M/V Accident - Property Damage,42.301151,-71.11171
516,,4/28/2023 10:00:00 Pm,4/29/2023 10:41:55 Am,232032977-00,111 Babson St,Vandalism,42.2716943,-71.0924665
517,144314 Joseph Houtmeyers,4/29/2023 10:18:00 Am,4/29/2023 10:45:06 Am,232032976-00,100 Brooks St,M/V Accident - Property Damage,42.3776315,-71.0343777
518,011526 Dwain Jackson,4/29/2023 8:16:00 Am,4/29/2023 10:45:38 Am,232032956-00,49 Raldne Rd,Fraud - False Pretense / Scheme,42.2564567,-71.1410176
519,,4/12/2023 8:09:00 Am,4/29/2023 11:06:28 Am,232032982-00,1249 Hyde Park Ave,Fraud - False Pretense / Scheme,42.2564288,-71.1242782
520,011465 Caetano Teixeira,4/29/2023 12:00:00 Am,4/29/2023 11:09:01 Am,232032983-00,242 West Fifth Street,Towed Motor Vehicle,42.3359778,-71.0497425
521,,4/29/2023 10:15:00 Am,4/29/2023 11:15:53 Am,232032981-00,437 Old Colony Ave,Missing Person - Located,42.3248716,-71.0525684
522,136336 Jennifer Cellucci,1/15/2023 9:00:00 Am,4/29/2023 11:39:08 Am,232032985-00,1708 Centre St,Fraud - Credit Card / Atm Fraud,42.2867829,-71.1484246
523,,4/29/2023 9:27:00 Am,4/29/2023 11:41:15 Am,232032972-00,28 Melrose St,Towed Motor Vehicle,42.3492214,-71.0681291
524,,4/29/2023 11:26:00 Am,4/29/2023 11:47:09 Am,232032984-00,40 Gibson St,Threats To Do Bodily Harm,42.2980276,-71.0590886
525,135897 Kamisha Green,4/24/2023 7:00:00 Am,4/29/2023 11:52:09 Am,232032986-00,3 Lewis St,M/V - Leaving Scene - Property Damage,42.3632921,-71.0518063
526,,4/28/2023 10:00:00 Am,4/29/2023 11:52:30 Am,232032989-00,40 Gibson St,Larceny Theft Of Mv Parts & Accessories,42.2980276,-71.0590886
527,,4/29/2023 11:47:00 Am,4/29/2023 11:58:06 Am,232032987-00,825 Morton St,Service To Other Agency,42.2818908,-71.0871741
528,010715 William Iraola,4/29/2023 11:30:00 Am,4/29/2023 12:26:05 Pm,232032992-00,Congress St & Farnsworth St,M/V Accident - Property Damage,42.36116,-71.057515
529,,4/26/2023 3:47:00 Am,4/29/2023 12:37:12 Pm,232032994-00,301 Washington St,Investigate Person,42.300223,-71.0752575
530,098635 Timothy Murray,4/27/2023 5:00:00 Pm,4/29/2023 12:37:15 Pm,232032571-00,101 W Broadway,Investigate Person,42.3411265,-71.0549541
531,098635 Timothy Murray,4/27/2023 7:00:00 Pm,4/29/2023 1:06:25 Pm,232032572-00,101 W Broadway,Investigate Person,42.3411265,-71.0549541
532,051102 Wilfredo Coriano,4/29/2023 2:30:00 Am,4/29/2023 1:09:51 Pm,232032999-00,7 Copeland Street,Larceny All Others,42.3218036,-71.0814199
533,,4/29/2023 1:01:00 Pm,4/29/2023 1:12:47 Pm,232032997-00,40 Gibson St,Service To Other Agency,42.2980276,-71.0590886
534,,4/29/2023 11:41:00 Am,4/29/2023 1:17:17 Pm,232032998-00,108 Warren St,Property - Accidental Damage,42.3267379,-71.082855
535,,4/29/2023 11:33:00 Am,4/29/2023 1:20:19 Pm,232033000-00,5211 Washington St,Sick Assist,42.2611295,-71.1575856
536,011642 Kevin Smith,4/29/2023 12:25:00 Pm,4/29/2023 1:42:17 Pm,230205791-00,Terminal St,Harbor Incident / Violation,42.381891,-71.056656
537,135897 Kamisha Green,4/27/2023 2:30:00 Pm,4/29/2023 1:46:06 Pm,232033005-00,20 Clinton St,Breaking And Entering (B&E) Motor Vehicle,42.3608153,-71.0542684
538,012156 Anthony Puopolo,4/29/2023 11:36:00 Am,4/29/2023 1:55:34 Pm,232033008-00,40 Florence St,Sick Assist,42.2850639,-71.1270398
539,,4/29/2023 1:26:00 Pm,4/29/2023 2:00:09 Pm,232033007-00,28 Balfour St,Sick/Injured/Medical - Person,42.3147795,-71.076398
540,148243 Haminton Balthazar,3/30/2023 12:00:00 Am,4/29/2023 2:08:23 Pm,232033011-00,1165 Blue Hill Ave,Landlord - Tenant,42.2846826,-71.0916905
541,,4/29/2023 12:52:00 Pm,4/29/2023 2:08:59 Pm,232033010-00,65 Baxter St,Larceny Theft From Mv - Non-Accessory,42.3355021,-71.0539404
542,,4/29/2023 1:17:00 Pm,4/29/2023 2:18:18 Pm,232033002-00,31 Leston St,M/V - Leaving Scene - Property Damage,42.2826986,-71.0911006
543,112887 Maria King,4/29/2023 2:18:00 Pm,4/29/2023 2:24:36 Pm,232033012-00,5 Fan Pier Blvd,Fraud - Credit Card / Atm Fraud,42.3528572,-71.0469603
544,,4/29/2023 12:26:00 Pm,4/29/2023 2:29:55 Pm,232033013-00,334 Massachusetts Ave,Investigate Person,42.342725,-71.0844421
545,153458 Benis Peguero,6/1/2022 12:00:00 Am,4/29/2023 2:46:34 Pm,232033016-00,650 Harrison Ave,Property - Lost/ Missing,42.3394545,-71.0692164
546,,4/29/2023 2:15:00 Pm,4/29/2023 2:48:50 Pm,232033021-00,5 Austin St,Assault - Simple,42.2572797,-71.1264597
547,,4/29/2023 11:20:00 Am,4/29/2023 2:55:26 Pm,232032996-00,590 Cummins Hwy,M/V Accident - Personal Injury,42.2729695,-71.1076313
548,,4/29/2023 2:14:00 Pm,4/29/2023 3:01:11 Pm,232033018-00,79 Knapp St,Disturbing The Peace/ Disorderly Conduct/ Gathering Causing Annoyance/ Noisy Party With Arrest,42.3509881,-71.0617052
549,,4/29/2023 2:00:00 Pm,4/29/2023 3:03:21 Pm,232033025-00,40 Gibson St,Investigate Person,42.2980276,-71.0590886
550,081732 Timothy Lawless,4/25/2021 10:37:00 Am,4/29/2023 3:05:30 Pm,232033024-00,42 Wayland St,Fraud - False Pretense / Scheme,42.3134988,-71.0737329
551,153458 Benis Peguero,4/28/2023 9:01:00 Am,4/29/2023 3:17:18 Pm,232033027-00,650 Harrison Ave,Larceny All Others,42.3394545,-71.0692164
552,153127 Taylor Green,4/29/2023 2:21:00 Pm,4/29/2023 3:20:15 Pm,232033019-00,140 Freeport St,Auto Theft,42.3084228,-71.0546861
553,117727 John Woods,4/29/2023 3:11:00 Pm,4/29/2023 3:24:37 Pm,232033029-00,630 Adams St,Larceny Shoplifting,42.2881993,-71.0551171
554,,4/29/2023 2:26:00 Pm,4/29/2023 3:32:30 Pm,232033026-00,630 Hyde Park Ave,Landlord - Tenant,42.2788312,-71.1189299
555,,4/29/2023 2:41:00 Pm,4/29/2023 3:36:46 Pm,232033030-00,566 Centre St,Verbal Dispute,42.3161125,-71.1133442
556,,4/29/2023 2:54:00 Pm,4/29/2023 3:50:28 Pm,232033032-00,1249 Hyde Park Ave,Investigate Person,42.2564288,-71.1242782
557,051102 Wilfredo Coriano,4/20/2023 2:46:00 Am,4/29/2023 3:53:05 Pm,232033035-00,197 Magnolia St,Auto Theft,42.3118432,-71.0737435
558,153080 Morris Luu,4/29/2023 2:36:00 Pm,4/29/2023 4:08:24 Pm,232033033-00,900 William T Morrissey Blvd,Investigate Person,42.2927334,-71.0472291
559,121746 Alex Misiaszek,4/29/2023 1:43:00 Pm,4/29/2023 4:10:24 Pm,232033034-00,11 Denton Ter,M/V Accident - Property Damage,42.280282,-71.1335369
560,,4/29/2023 12:00:00 Am,4/29/2023 4:17:15 Pm,232033039-00,Albany St & Northampton St,Investigate Person,42.3327622,-71.0745947
561,099783 Andrew Powers,4/29/2023 4:56:00 Am,4/29/2023 4:17:17 Pm,232032944-00,Washington St & Green St,M/V Accident - Other,42.309517,-71.104538
562,153112 Owen Russell,4/29/2023 3:54:00 Pm,4/29/2023 4:35:16 Pm,232033040-00,88 Auckland St,Assault - Simple,42.3116693,-71.0561031
563,106311 Dominic Dimarzo,4/29/2023 3:15:00 Pm,4/29/2023 4:36:41 Pm,232033041-00,40 Vallar Rd,,42.3926674,-71.0096446
564,140415 Raymond Liang,4/29/2023 3:52:00 Pm,4/29/2023 4:42:26 Pm,232033042-00,497 Boylston St,Larceny Shoplifting,42.3512094,-71.0742934
565,081012 Ryan Wynne,4/22/2023 10:55:00 Am,4/29/2023 4:59:22 Pm,232033043-00,101 W Broadway,Larceny Theft From Building,42.3411265,-71.0549541
566,,4/29/2023 4:10:00 Pm,4/29/2023 5:06:56 Pm,232033049-00,1100 Massachusetts Ave,Assault - Simple,42.326261,-71.066206
567,,4/29/2023 4:25:00 Pm,4/29/2023 5:06:56 Pm,232033050-00,Southampton St & Atkinson St,M/V Accident - Involving Pedestrian - Injury,42.333273,-71.068204
568,,4/29/2023 4:06:00 Pm,4/29/2023 5:07:29 Pm,232033048-00,31 Goodale Rd,,42.283552,-71.0929906
569,,4/29/2023 4:37:00 Pm,4/29/2023 5:07:45 Pm,232033052-00,1752 Dorchester Ave,M/V Accident - Involving Pedestrian - Injury,42.2901131,-71.0629611
570,,4/29/2023 4:43:00 Pm,4/29/2023 5:08:42 Pm,232033053-00,406 Meridian St,Assault - Aggravated,42.3802618,-71.0395438
571,,4/29/2023 4:41:00 Pm,4/29/2023 5:21:42 Pm,232033054-00,1125 Centre St,Investigate Person,42.3031414,-71.1276454
572,151192 Astrid Gonzalez,4/29/2023 4:32:00 Pm,4/29/2023 5:28:28 Pm,232033047-00,Dubois St & Adams St,M/V - Leaving Scene - Property Damage,42.329224,-71.075614
573,102938 Paul Robertson,4/28/2023 7:00:00 Am,4/29/2023 5:33:51 Pm,232033059-00,89 Glendower Rd,Missing Person,42.2762052,-71.131986
574,153080 Morris Luu,4/29/2023 4:09:00 Pm,4/29/2023 5:35:14 Pm,232033046-00,700 William T Morrissey Blvd,Missing Person - Not Reported - Located,42.299544,-71.0489598
575,140305 Jason Hessler,4/28/2023 7:20:00 Pm,4/29/2023 5:56:42 Pm,232033062-00,650 Harrison Ave,Investigate Person,42.3394545,-71.0692164
576,,4/29/2023 5:18:00 Pm,4/29/2023 5:58:45 Pm,232033067-00,32 Prairie St,Towed Motor Vehicle,42.2803438,-71.0995045
577,011680 Joseph Fawkes,4/29/2023 4:44:00 Pm,4/29/2023 5:58:48 Pm,232033063-00,92 Green St,M/V - Leaving Scene - Property Damage,42.3784816,-71.0618524
578,,4/29/2023 4:59:00 Pm,4/29/2023 5:59:50 Pm,232033068-00,Brighton Ave & Fordham Rd,Vandalism,42.321867,-71.080379
579,131259 Sean Wallace,4/29/2023 3:15:00 Pm,4/29/2023 6:02:11 Pm,232033064-00,62 W Newton St,Verbal Dispute,42.3400348,-71.0752838
580,,4/29/2023 5:06:00 Pm,4/29/2023 6:03:52 Pm,232033061-00,78 Bennington St,M/V Accident - Property Damage,42.3760566,-71.0361746
581,,4/29/2023 5:45:00 Pm,4/29/2023 6:06:07 Pm,232033069-00,301 Washington St,Investigate Person,42.300223,-71.0752575
582,140415 Raymond Liang,4/29/2023 3:15:00 Pm,4/29/2023 6:13:15 Pm,232033038-00,5 Copley Pl,Larceny Theft From Building,42.316643,-71.100825
583,,4/29/2023 5:38:00 Pm,4/29/2023 6:15:45 Pm,232033070-00,,Sick Assist,,
584,141219 Amanda Kennedy,4/20/2023 2:00:00 Pm,4/29/2023 6:15:47 Pm,232033072-00,1 Canal St,Larceny Theft Of Bicycle,42.3641677,-71.0587436
585,153159 Corey Thomas,4/29/2023 5:10:00 Pm,4/29/2023 6:19:01 Pm,232033066-00,720 Albany St,Assault - Aggravated,42.3345463,-71.0712551
586,098640 Omar Cepeda,4/29/2023 5:31:00 Pm,4/29/2023 6:28:48 Pm,232033076-00,414-416 Centre St,Sick Assist,42.3084915,-71.1225682
587,,4/29/2023 3:02:00 Pm,4/29/2023 6:32:52 Pm,232033058-00,9 Champney Pl,Investigate Person,42.3597442,-71.0677906
588,,4/29/2023 5:21:00 Pm,4/29/2023 6:42:45 Pm,232033073-00,Columbia Rd & Stoughton St,Stolen Property - Buying / Receiving / Possessing,42.317028,-71.064812
589,052581 Wilfredo Garcia,4/29/2023 5:42:00 Pm,4/29/2023 6:45:20 Pm,232033082-00,40 South Munroe Terrace,Fire Report,42.2918473,-71.0525197
590,056151 Oscar Henriquez,4/29/2023 4:00:00 Pm,4/29/2023 6:45:53 Pm,232033084-00,2400 Washington St,Investigate Property,42.3284113,-71.0856977
591,,4/29/2023 5:46:00 Pm,4/29/2023 6:54:30 Pm,232033086-00,Beechwood St & Geneva Ave,Val - Violation Of Auto Law,42.305476,-71.077379
592,153100 John Flaherty,4/29/2023 5:28:00 Pm,4/29/2023 6:58:37 Pm,232033074-00,36 School St,M/V Accident - Other,42.3130635,-71.0977446
593,,4/29/2023 3:00:00 Pm,4/29/2023 7:01:49 Pm,232033089-00,110 Huntington Ave,Investigate Person,42.3472309,-71.0775836
594,,4/29/2023 6:00:00 Pm,4/29/2023 7:04:40 Pm,232033075-00,1341 Boylston St,Larceny Shoplifting,42.3443088,-71.0997963
595,148317 Sean Doolan,4/29/2023 6:16:00 Pm,4/29/2023 7:05:45 Pm,232033083-00,81 E Berkeley St,Missing Person - Not Reported - Located,42.3439633,-71.0662801
596,078213 William O'Sullivan,4/29/2023 6:00:00 Am,4/29/2023 7:09:33 Pm,232032943-00,70 Rowes Whrf,Investigate Property,42.3566602,-71.0503163
597,,4/29/2023 4:15:00 Pm,4/29/2023 7:18:14 Pm,232033065-00,39 Warren St,Trespassing,42.3734889,-71.0611431
598,078213 William O'Sullivan,4/29/2023 7:00:00 Am,4/29/2023 7:21:28 Pm,232032949-00,70 Rowes Whrf,Investigate Property,42.3566602,-71.0503163
599,"153146 Jordan, M. Wells",4/29/2023 6:19:00 Pm,4/29/2023 7:31:23 Pm,232033092-00,196 Sycamore St,Investigate Person,42.2872333,-71.1221337
600,126564 Sinead Coyne,4/29/2023 11:51:00 Am,4/29/2023 7:38:44 Pm,232032988-00,8 Allstate Rd,Vandalism,42.3268965,-71.0617906
601,,4/29/2023 7:25:00 Pm,4/29/2023 7:38:58 Pm,232033094-00,520 Geneva Ave,Larceny Shoplifting,42.2992247,-71.0641593
602,,4/29/2023 6:17:00 Pm,4/29/2023 7:39:23 Pm,232033095-00,Washington St & Erie St,Towed Motor Vehicle,42.30328,-71.078537
603,140415 Raymond Liang,4/29/2023 6:20:00 Pm,4/29/2023 7:46:08 Pm,232033080-00,800 Boylston St,Larceny Shoplifting,42.3471718,-71.0825063
604,120930 Arthur Green,4/28/2023 11:30:00 Pm,4/29/2023 7:46:22 Pm,232033087-00,650 Harrison Ave,Larceny All Others,42.3394545,-71.0692164
605,098635 Timothy Murray,4/29/2023 6:30:00 Pm,4/29/2023 7:47:10 Pm,232033096-00,101 W Broadway,Investigate Person,42.3411265,-71.0549541
606,126564 Sinead Coyne,4/29/2023 12:08:00 Pm,4/29/2023 7:55:50 Pm,232032990-00,M St & E Second St,Property - Accidental Damage,42.33566,-71.033346
607,008973 Christopher Shoulla,4/22/2023 11:15:00 Pm,4/29/2023 7:57:17 Pm,232033078-00,140 W Concord St,Breaking And Entering (B&E) Motor Vehicle,42.3396293,-71.0773051
608,126564 Sinead Coyne,4/29/2023 12:00:00 Am,4/29/2023 8:02:11 Pm,232033099-00,4 Henry Sterling Sq,Harassment/ Criminal Harassment,42.3266487,-71.0549806
609,,4/29/2023 7:48:00 Pm,4/29/2023 8:06:22 Pm,232033102-00,1 Central Whrf,Sick Assist,42.358833,-71.051199
610,141219 Amanda Kennedy,4/29/2023 5:00:00 Pm,4/29/2023 8:08:25 Pm,232033101-00,266 Atlantic Ave,M/V Accident - Involving Pedestrian - Injury,42.3611728,-71.052708
611,103752 Jeffery Driscoll,4/29/2023 7:53:00 Pm,4/29/2023 8:24:14 Pm,232033106-00,967 Commonwealth Ave,Sick/Injured/Medical - Person,42.3518676,-71.1194234
612,102394 Brendan Walsh,4/29/2023 4:00:00 Pm,4/29/2023 8:29:12 Pm,232033044-00,Dudley St & Warren St,Drugs - Possession/ Sale/ Manufacturing/ Use,42.328678,-71.083321
613,,4/29/2023 7:02:00 Pm,4/29/2023 8:29:45 Pm,232033098-00,450 Washington St,Larceny Shoplifting,42.3546979,-71.0602426
614,,4/29/2023 8:08:00 Pm,4/29/2023 8:49:37 Pm,232033108-00,87 North Point Dr,Larceny Theft Of Bicycle,42.3203867,-71.0439471
615,103602 Thomas Killion,4/29/2023 8:00:00 Pm,4/29/2023 8:49:57 Pm,232033111-00,301 Washington St,Property - Found,42.300223,-71.0752575
616,011749 Patrick Wood,4/29/2023 6:15:00 Pm,4/29/2023 8:56:19 Pm,232033081-00,3347 Washington St,Vandalism,42.3090488,-71.1050902
617,153080 Morris Luu,4/20/2023 1:00:00 Pm,4/29/2023 8:58:37 Pm,232033104-00,35 Tuttle St,Missing Person,42.3129629,-71.0535756
618,,4/29/2023 7:35:00 Pm,4/29/2023 9:05:01 Pm,232033103-00,483 Southampton St,M/V Accident - Property Damage,42.3295299,-71.0581752
619,,4/29/2023 5:29:00 Pm,4/29/2023 9:19:49 Pm,232033060-00,926 Cummins Hwy,Investigate Property,42.2676086,-71.0945629
620,,3/16/2023 12:00:00 Am,4/29/2023 9:28:27 Pm,232033045-00,39 Quincy St,Larceny Theft From Building,42.3155286,-71.0809377
621,106711 Timothy Hicks,4/29/2023 7:47:00 Pm,4/29/2023 9:39:02 Pm,232033115-00,2400 Washington St,Sick/Injured/Medical - Police,42.3284113,-71.0856977
622,153070 Alfredo Araujo,4/29/2023 8:46:00 Pm,4/29/2023 9:40:43 Pm,232033112-00,75 Mattapan St,Investigate Person,42.2785605,-71.0962535
623,,4/29/2023 8:51:00 Pm,4/29/2023 9:43:46 Pm,232033114-00,224 Harrison Ave,Assault - Simple,42.3480003,-71.0616182
624,,4/29/2023 8:16:00 Pm,4/29/2023 9:57:26 Pm,232033119-00,Washington St & Eldon St,M/V - Leaving Scene - Property Damage,42.304338,-71.076928
625,,4/29/2023 6:09:00 Pm,4/29/2023 9:57:45 Pm,232033085-00,81 S Huntington Ave,Val - Violation Of Auto Law,42.3298485,-71.1118015
626,120930 Arthur Green,4/29/2023 7:24:00 Pm,4/29/2023 10:03:28 Pm,232033120-00,650 Harrison Ave,M/V - Leaving Scene - Property Damage,42.3394545,-71.0692164
627,,4/29/2023 8:11:00 Pm,4/29/2023 10:08:54 Pm,232033116-00,65 Westminster Ave,Verbal Dispute,42.3158516,-71.0950724
628,,4/29/2023 9:26:00 Pm,4/29/2023 10:12:48 Pm,232033124-00,Bakersfield St & Stoughton St,Larceny Theft Of Bicycle,42.335443,-71.070782
629,,4/29/2023 9:31:00 Pm,4/29/2023 10:26:36 Pm,232033122-00,76 Intervale St,Missing Person,42.3109547,-71.0782559
630,103752 Jeffery Driscoll,4/29/2023 9:52:00 Pm,4/29/2023 10:30:03 Pm,232033126-00,103 Harvard Ave,Larceny Shoplifting,42.3526874,-71.1323223
631,,4/29/2023 9:42:00 Pm,4/29/2023 10:33:27 Pm,232033125-00,228 Maverick St,Investigate Property,42.3686364,-71.035142
632,153100 John Flaherty,4/29/2023 10:19:00 Pm,4/29/2023 10:49:43 Pm,232033130-00,138 Brighton Ave,Sick Assist,42.3528003,-71.1316912
633,,4/29/2023 10:24:00 Pm,4/29/2023 10:59:52 Pm,232033132-00,34 Algonquin St,Sick Assist,42.2973658,-71.0748259
634,153080 Morris Luu,4/27/2023 7:30:00 Am,4/29/2023 11:09:43 Pm,232033129-00,789 Adams St,Larceny All Others,42.283202,-71.0559319
635,102399 Daniel Sparrow,4/29/2023 10:40:00 Am,4/29/2023 11:13:01 Pm,232033131-00,67 Newbury St,Assault - Simple,42.3521713,-71.0739726
636,,4/29/2023 10:41:00 Pm,4/29/2023 11:14:40 Pm,232033134-00,100 Ocean View Dr,Sick Assist,42.3186087,-71.0381793
637,,4/29/2023 11:11:00 Pm,4/29/2023 11:51:28 Pm,232033136-00,15 Monsignor Albert A. Jacobbe Rd,Fire Report,42.3685207,-71.041351
638,,4/29/2023 11:35:00 Pm,4/30/2023 12:14:37 Am,232033140-00,Boylston St & Fairfield St,Sick Assist,42.352399,-71.062575
639,,4/29/2023 11:45:00 Pm,4/30/2023 12:17:44 Am,232033142-00,850 Massachusetts Ave,Investigate Person,42.3320842,-71.0710402
640,011687 William Gallagher,4/30/2023 12:00:00 Am,4/30/2023 12:26:08 Am,232033138-00,755 Boylston St,License Premise Violation,42.3493339,-71.0810065
641,140337 Louisimond Vertyl,4/29/2023 11:36:00 Pm,4/30/2023 12:26:29 Am,232033139-00,1200 Commonwealth Ave,Operating Under The Influence (Oui) Alcohol,42.3501507,-71.129831
642,011902 Eddie Hernandez,4/29/2023 11:41:00 Pm,4/30/2023 12:45:48 Am,232033137-00,82 Lansdowne St,License Premise Violation,42.3470487,-71.0984891
643,011168 Ludwig Castillo,4/29/2023 11:55:00 Pm,4/30/2023 12:55:21 Am,232033145-00,Vfw Pkwy & Independence Dr,M/V - Leaving Scene - Property Damage,42.411069,-70.997781
644,012210 Brian Lundy,4/30/2023 12:30:00 Am,4/30/2023 1:00:14 Am,232033147-00,New Rutherford Ave & Rutherford Ave,Towed Motor Vehicle,42.373279,-71.0666556
645,,4/30/2023 12:18:00 Am,4/30/2023 1:04:27 Am,232033146-00,70 Sleeper St,Sick Assist,42.353879,-71.0482573
646,,4/30/2023 12:36:00 Am,4/30/2023 1:11:52 Am,232033152-00,30 Fremont St,Investigate Person,42.2712767,-71.092056
647,011902 Eddie Hernandez,4/29/2023 10:08:00 Pm,4/30/2023 1:19:08 Am,232033123-00,173 Portland St,License Premise Violation,42.3643131,-71.0616051
648,011262 Michael Pankievich,4/30/2023 12:42:00 Am,4/30/2023 1:41:38 Am,232033149-00,Commonwealth Ave & Exeter St,M/V - Leaving Scene - Property Damage,42.349914,-71.079681
649,126526 Jeremy Mahoney,4/30/2023 12:31:00 Am,4/30/2023 1:52:17 Am,232033156-00,120 Hyde Park Ave,Towed Motor Vehicle,42.2967673,-71.1153196
650,,4/30/2023 12:01:00 Am,4/30/2023 2:08:23 Am,232033153-00,Humboldt Ave & Townsend St,Investigate Person,42.316933,-71.086502
651,148222 Andrew Kelly,4/30/2023 1:30:00 Am,4/30/2023 2:36:27 Am,232033160-00,Commonwealth Ave & Wallingford Rd,,42.35038,-71.110415
652,,4/30/2023 1:54:00 Am,4/30/2023 2:43:49 Am,232033161-00,1108 Boylston St,Val - Violation Of Auto Law,42.3468089,-71.0884618
653,,4/30/2023 2:13:00 Am,4/30/2023 2:51:35 Am,232033162-00,2 Center Plz,Sick Assist,42.3600513,-71.0603435
654,,4/30/2023 2:10:00 Am,4/30/2023 2:53:17 Am,232033163-00,Academy Hill Rd & Chestnut Hill Ave,Investigate Person,42.347088,-71.153748
655,114309 Julian Velez,4/30/2023 1:45:00 Am,4/30/2023 3:01:07 Am,232033158-00,440 William F Mcclellan Hwy,M/V Accident - Other,42.3934927,-71.0129766
656,148258 Sarah Drew,4/30/2023 12:50:00 Am,4/30/2023 3:02:32 Am,232033155-00,Hanover St & Marshall St,Assault - Aggravated,42.362019,-71.056658
657,,4/30/2023 1:40:00 Am,4/30/2023 3:13:04 Am,232033168-00,113 Dartmouth St,Assault - Simple,42.3461504,-71.0751841
658,,4/29/2023 11:52:00 Pm,4/30/2023 3:19:29 Am,232033170-00,63 Chatham St,Assault - Simple,42.359627,-71.0544442
659,,4/30/2023 1:20:00 Am,4/30/2023 3:36:55 Am,232033169-00,279 Tremont St,Assault - Simple,42.3500824,-71.065799
660,,4/30/2023 2:45:00 Am,4/30/2023 3:43:59 Am,232033172-00,141 Green St,Sick Assist,42.3103718,-71.1076496
661,,4/30/2023 2:26:00 Am,4/30/2023 3:49:46 Am,232033173-00,421 Albany St,M/V Accident - Personal Injury,42.3417256,-71.0632489
662,,4/30/2023 12:00:00 Am,4/30/2023 3:55:27 Am,232033166-00,76 Hutchings St,Towed Motor Vehicle,42.3107748,-71.0905848
663,153160 Mark Osis,4/30/2023 3:39:00 Am,4/30/2023 4:09:03 Am,232033174-00,84 Greenwood St,M/V - Leaving Scene - Property Damage,42.2991186,-71.0796026
664,,4/30/2023 1:12:00 Am,4/30/2023 4:12:25 Am,232033164-00,6 Stockton St,Assault - Aggravated,42.2827856,-71.0721654
665,,4/30/2023 3:55:00 Am,4/30/2023 4:30:48 Am,232033177-00,151 Old Colony Ave,Robbery,42.3344094,-71.055322
666,,4/30/2023 2:38:00 Am,4/30/2023 4:33:04 Am,232033167-00,9 Ditmus Ct,Disturbing The Peace/ Disorderly Conduct/ Gathering Causing Annoyance/ Noisy Party With Arrest,42.3369556,-71.0825277
667,,4/30/2023 12:00:00 Am,4/30/2023 4:39:08 Am,232033178-00,650 Harrison Ave,M/V Accident - Other City Vehicle,42.3394545,-71.0692164
668,,4/30/2023 4:17:00 Am,4/30/2023 5:22:29 Am,232033182-00,42 American Legion Hwy,M/V Accident - Property Damage,42.2974164,-71.089066
669,,4/29/2023 9:00:00 Pm,4/30/2023 6:34:13 Am,232033186-00,40 Gibson St,Robbery,42.2980276,-71.0590886
670,,4/30/2023 12:00:00 Am,4/30/2023 8:14:22 Am,230207143-00,650 Harrison Ave,Investigate Property,42.3394545,-71.0692164
671,,4/30/2023 7:28:00 Am,4/30/2023 8:22:04 Am,232033189-00,578 Norfolk St,Vandalism,42.2771662,-71.0915563
672,111716 Brendon Buccelli,4/30/2023 8:15:00 Am,4/30/2023 8:29:20 Am,232033190-00,1134 Washington St,Sick/Injured/Medical - Person,42.272677,-71.0694732
673,153127 Taylor Green,4/30/2023 12:30:00 Am,4/30/2023 9:53:50 Am,232033199-00,28 Glenrose Rd,Larceny Theft From Mv - Non-Accessory,42.2914917,-71.0586251
674,148249 John Canty,4/30/2023 8:02:00 Am,4/30/2023 9:56:52 Am,232033196-00,220 Clarendon St,Robbery,42.3511098,-71.0755741
675,106311 Dominic Dimarzo,4/30/2023 8:27:00 Am,4/30/2023 9:59:12 Am,232033197-00,19 Chaucer St,M/V - Leaving Scene - Property Damage,42.3831134,-71.0208642
676,153149 Daniel Roca,4/30/2023 8:32:00 Am,4/30/2023 10:03:05 Am,232033195-00,30 Shelby St,Towed Motor Vehicle,42.3804784,-71.0275507
677,144465 Michael Mastronardi,4/30/2023 9:58:00 Am,4/30/2023 10:36:17 Am,232033203-00,44 Border St,Sick Assist,42.371361,-71.0426143
